cite_key	verdict	evidence	file	title
Abe14	ABSENT	0 phrase candidates, none verified		Material Point Method for Coupled Hydromechanical Problems
Ada12	ABSENT	2 phrase candidates, none verified		A generalized wall boundary condition for smoothed particle 
Aki12	ABSENT	0 phrase candidates, none verified		Versatile rigid-fluid coupling for incompressible SPH
Ali19	ABSENT	0 phrase candidates, none verified		Ensemble of surrogates and cross-validation for rapid and ac
Alq21	ABSENT	0 phrase candidates, none verified		Full-scale experimental investigations on the response of a 
Alq22	ABSENT	0 phrase candidates, none verified		A numerical approach to understand the responses of passenge
Arr15	ABSENT	3 phrase candidates, none verified		Drag and lift contribution to the incipient motion of partly
Arr19	ABSENT	0 phrase candidates, none verified		Sensitivity of Transport Model to Hydraulic Model for Flood 
Azh26	ABSENT	0 phrase candidates, none verified		Assessment of Vehicle Stability Processes Under Unsteady Flo
Ban18b	ABSENT	0 phrase candidates, none verified		Pressure Boundaries for Implicit Incompressible SPH
Beh20	ABSENT	0 phrase candidates, none verified		Experimental and computational study of operation of an amph
Ber21d	ABSENT	0 phrase candidates, none verified		Statistical Error Estimation Methods for Engineering-Relevan
Bon21	ABSENT	0 phrase candidates, none verified		Gaussian processes for shock test emulation
Bon25	ABSENT	0 phrase candidates, none verified		Validating High-Performance Multi-GPU MPM for Debris-Fluid-S
Bon67	ABSENT	0 phrase candidates, none verified		Low Level Causeways
Bra11	ABSENT	0 phrase candidates, none verified		Establishing credibility of particle methods through verific
Bro19	ABSENT	0 phrase candidates, none verified		Random uncertainty of statistical moments in testing: Mean
Buc21	ABSENT	0 phrase candidates, none verified		Quantitative flood risk evaluation to improve drivers route 
Bur12	ABSENT	0 phrase candidates, none verified		Analysis of the process of water entry of an amphibious vehi
Can18	ABSENT	0 phrase candidates, none verified		Extending DualSPHysics with a Differential Variational Inequ
Cel07	ABSENT	0 phrase candidates, none verified		Procedure for Estimation and Reporting of Uncertainty Due to
Che18c	ABSENT	0 phrase candidates, none verified		v-p material point method for weakly compressible problems
Che22f	ABSENT	0 phrase candidates, none verified		Learning Physics with a Hierarchical Graph Network
Che25l	ABSENT	0 phrase candidates, none verified		A new CFD-MBD wave-structure interaction model: Coupling Ope
Cho15	ABSENT	0 phrase candidates, none verified		A simple method for automated equilibration detection in mol
Col97	ABSENT	0 phrase candidates, none verified		Uncertainties and CFD Code Validation
Con07	ABSENT	0 phrase candidates, none verified		On Using Standard Residuals as a Metric of Kriging Model Qua
Con18	ABSENT	0 phrase candidates, none verified		Reliability-Based Estimation of Traffic Interruption Probabi
Dan02	ABSENT	0 phrase candidates, none verified		Probability of Individual Grain Movement and Threshold Condi
Dav24	ABSENT	0 phrase candidates, none verified		Exploiting Axisymmetry to Optimize CFD Simulations - Heave M
Dur20	ABSENT	0 phrase candidates, none verified		Accurate experimental benchmark study of a catamaran in regu
Eca20	ABSENT	0 phrase candidates, none verified		On the Interpretation and Scope of the V&V 20 Standard for V
Els18	ABSENT	0 phrase candidates, none verified		Development of In-Plane Truck Tire-Flooded Surface Interacti
Eri13	ABSENT	0 phrase candidates, none verified		The Accuracy of Photo-Based Three-Dimensional Scanning for C
Far25b	ABSENT	0 phrase candidates, none verified		The Accuracy of 3D Mesh Generation of Neuralangelo Versus Ph
Fly89	ABSENT	0 phrase candidates, none verified		Error estimates on averages of correlated data
Gao17c	ABSENT	0 phrase candidates, none verified		An adaptive generalized interpolation material point method 
Gar19	ABSENT	0 phrase candidates, none verified		Towards real-time simulation of physically realistic pressur
Gob14	ABSENT	0 phrase candidates, none verified		InTenso+ System: Measured Centre of Gravity Locations and In
Gup99	ABSENT	0 phrase candidates, none verified		Reverse Engineering Method for Developing Passenger Vehicle 
He24	ABSENT	0 phrase candidates, none verified		Functionality assessment of road network combining flood roa
He25	ABSENT	0 phrase candidates, none verified		An improved MPM formulation for free surface flow problems b
He25c	ABSENT	0 phrase candidates, none verified		A Multi-Resolution Material Point Method Based on Penalty Fo
He26d	ABSENT	0 phrase candidates, none verified		Predicting Vehicle-Water Interaction in Shallow Water: Simul
Hol20	ABSENT	0 phrase candidates, none verified		Novel pressure inlet and outlet boundary conditions for Smoo
Hu18	ABSENT	3 phrase candidates, none verified		A moving least squares material point method with displaceme
Hu23	ABSENT	0 phrase candidates, none verified		Experimental testing to determine stability thresholds for p
Jur74	ABSENT	0 phrase candidates, none verified		Mathematical Model of Wheeled Vehicles Exiting from the Rive
Kam06	ABSENT	0 phrase candidates, none verified		Verification of Computational Constitutive Models using the 
Kha14	ABSENT	0 phrase candidates, none verified		Wading Simulation - Challenges and Solutions
Kha15	ABSENT	0 phrase candidates, none verified		Development and Validation of Finite Element Models of Mid-S
Kir99	ABSENT	0 phrase candidates, none verified		Development and Validation of High Fidelity Vehicle Crash Si
Kle19	ABSENT	0 phrase candidates, none verified		Statistical Tests for Cross-Validation of Kriging Models
Kuy11	ABSENT	0 phrase candidates, none verified		Multifidelity surrogate modeling of experimental and computa
Las09	ABSENT	0 phrase candidates, none verified		Permeable and non-reflecting boundary conditions in SPH
Li14	ABSENT	0 phrase candidates, none verified		Sloshing impact simulation with material point method and it
Li22b	ABSENT	0 phrase candidates, none verified		An immersed finite element material point (IFEMP) method for
Li23f	ABSENT	0 phrase candidates, none verified		A Modified MPS Method with a Split-Pressure Poisson Equation
Lia12b	ABSENT	0 phrase candidates, none verified		An adaptive finite element material point method and its app
Lia15	ABSENT	0 phrase candidates, none verified		A mesh-grading material point method and its parallelization
Lin21d	ABSENT	0 phrase candidates, none verified		Quantifying uncertainty in turbulence resolving ship airwake
Liu23e	ABSENT	0 phrase candidates, none verified		Research on launching, water exiting, and river crossing of 
Loe09	ABSENT	0 phrase candidates, none verified		Choosing the Sample Size of a Computer Experiment: A Practic
Lop18b	ABSENT	0 phrase candidates, none verified		Smoothed Particle Hydrodynamics Method for Three-Dimensional
Lyu23	ABSENT	0 phrase candidates, none verified		Numerical investigation of vehicle wading based on an entire
Mac97	ABSENT	0 phrase candidates, none verified		A Comparison of Moment of Inertia Estimation Techniques for 
Mao16	ABSENT	0 phrase candidates, none verified		Modeling of Free Surface Flows Using Improved Material Point
Mar05	ABSENT	0 phrase candidates, none verified		Use of Kriging Models to Approximate Deterministic Computer 
Mar10b	ABSENT	0 phrase candidates, none verified		Fast free-surface detection and level-set function definitio
Mar13	ABSENT	0 phrase candidates, none verified		Extended Validation of the Finite Element Model for the 2010
Mar13b	ABSENT	0 phrase candidates, none verified		Extended Validation of the Finite Element Model for the 2007
Mar14b	ABSENT	0 phrase candidates, none verified		Development and Validation of a Finite Element Model for a M
Mar19b	ABSENT	0 phrase candidates, none verified		Estabilidad de vehiculos frente a inundaciones: estudio nume
Maz18	ABSENT	0 phrase candidates, none verified		A differential variational approach for handling fluid-solid
Mcc03	ABSENT	0 phrase candidates, none verified		NHTSA's vehicle parameter database and NHTSA's crash test da
Mec01	ABSENT	0 phrase candidates, none verified		Metamodeling of Combined Discrete/Continuous Responses
Mec02	ABSENT	0 phrase candidates, none verified		Computationally Inexpensive Metamodel Assessment Strategies
Mil20	ABSENT	1 phrase candidates, none verified		A conceptual model of vehicles stability in flood flows
Mof82	ABSENT	0 phrase candidates, none verified		Contributions to the Theory of Single-Sample Uncertainty Ana
Moh10	ABSENT	0 phrase candidates, none verified		Modeling, Testing, and Validation of the 2007 Chevy Silverad
Mon09	ABSENT	1 phrase candidates, none verified		SPH particle boundary forces for arbitrary boundaries
Mor14	ABSENT	0 phrase candidates, none verified		Stability and Drag Analysis of Wheeled Amphibious Vehicle Us
Naf24	ABSENT	0 phrase candidates, none verified		Enhanced Drag Force Estimation in Automotive Design: A Surro
Neg21d	ABSENT	0 phrase candidates, none verified		Numerical Investigation of Accuracy, Convergence, and Conser
Neg22b	ABSENT	0 phrase candidates, none verified		Identifying second order accurate boundary conditions for WC
Omi17	ABSENT	0 phrase candidates, none verified		SPH for impact force and ricochet behavior of water-entry bo
Opi07	ABSENT	0 phrase candidates, none verified		NCAC Vehicle Model Development Update
Opi12	ABSENT	0 phrase candidates, none verified		Extended Validation of the Finite Element Model for the 2010
Pah17	ABSENT	0 phrase candidates, none verified		Robust boundary treatment for open-channel flows in divergen
Pap16	ABSENT	0 phrase candidates, none verified		Statistical processing and convergence of finite-record-leng
Par23b	ABSENT	0 phrase candidates, none verified		Analysis of Roll Decay for Surface-ship Model Experiments wi
Paz14	ABSENT	0 phrase candidates, none verified		A comparative study of four fluid-solid coupling methods for
Paz16	ABSENT	0 phrase candidates, none verified		Investigation of the Vehicle Mobility in Fording
Qiu22	ABSENT	0 phrase candidates, none verified		A Sparse Distributed Gigascale Resolution Material Point Met
Ran20b	ABSENT	0 phrase candidates, none verified		A Blind Comparative Study of Focused Wave Interactions with 
Ray07	ABSENT	0 phrase candidates, none verified		Quantitative Evaluation of the Fidelity of Public-Domain Veh
Rem19	ABSENT	0 phrase candidates, none verified		Implementation of non-trivial boundary conditions in MPM for
Roa94	ABSENT	0 phrase candidates, none verified		Perspective: A Method for Uniform Reporting of Grid Refineme
Roa98	ABSENT	0 phrase candidates, none verified		Verification of Codes and Calculations
Ros15	ABSENT	0 phrase candidates, none verified		The Performance of Photo Based Vehicle Models using HVE DyMe
Roy05	ABSENT	0 phrase candidates, none verified		Review of code and solution verification procedures for comp
Roy10	ABSENT	0 phrase candidates, none verified		Review of Discretization Error Estimators in Scientific Comp
Roy11	ABSENT	0 phrase candidates, none verified		A comprehensive framework for verification, validation, and 
Rus07	ABSENT	0 phrase candidates, none verified		A Comprehensive Set of Code Validation Data for Planing Boat
Sch85	ABSENT	0 phrase candidates, none verified		Statistical errors in molecular dynamics averages
Sci19	FOUND_LOCAL	title-page token overlap	/Users/josie/can-it-ford-refs/2026-08-16/energies-14-00269-s001/Datafile/Descriptions/Highly accurate experimental tests with a floating sphere - Kramer Sphere Cases.pdf	Ocean Energy Systems Wave Energy Modelling Task: Modelling, 
Sed16	ABSENT	0 phrase candidates, none verified		Development and Validation of a Finite Element Model for the
Shi10	ABSENT	0 phrase candidates, none verified		Dynamic Meshing for Material Point Method Computations
Shi19d	ABSENT	0 phrase candidates, none verified		A Meshless WCSPH Boundary Treatment for Open-Channel Flow ov
Sim01b	ABSENT	0 phrase candidates, none verified		Sampling Strategies for Computer Experiments: Design and Ana
Ski13	ABSENT	0 phrase candidates, none verified		Incompressible smoothed particle hydrodynamics (SPH) with re
Slo69	ABSENT	0 phrase candidates, none verified		Studies of Off-Road Vehicles in the Riverine Environment. Vo
Smi17	ABSENT	0 phrase candidates, none verified		Experimental testing of flood hazard curves for a partially 
Smi19	ABSENT	1 phrase candidates, none verified		Full-scale testing of stability curves for vehicles in flood
Sol04	ABSENT	0 phrase candidates, none verified		Crashworthiness Simulations Comparing PAM-CRASH and LS-DYNA
Ste00	ABSENT	0 phrase candidates, none verified		Analysis and Reduction of Quadrature Errors in the Material 
Ste01	ABSENT	0 phrase candidates, none verified		Comprehensive Approach to Verification and Validation of CFD
Ste15	ABSENT	0 phrase candidates, none verified		Uncertainty Analysis in Ship-Model Resistance Test
Str86	ABSENT	0 phrase candidates, none verified		Estimation of statistical errors in molecular simulation cal
Su26	ABSENT	0 phrase candidates, none verified		Automated Collision Proxy Reconstruction for Non-Manifold Me
Sun15b	ABSENT	1 phrase candidates, none verified		Numerical simulation of interactions between free surface an
Sun16	ABSENT	0 phrase candidates, none verified		Material point method and smoothed particle hydrodynamics si
Sun19c	ABSENT	0 phrase candidates, none verified		Benchmarking the material point method for interaction probl
Sun20d	ABSENT	0 phrase candidates, none verified		A local grid refinement scheme for B-spline material point m
Sya17	ABSENT	0 phrase candidates, none verified		Quantifying the uncertainty introduced by discretization and
Taf18	ABSENT	0 phrase candidates, none verified		A versatile algorithm for the treatment of open boundary con
Tao21b	ABSENT	0 phrase candidates, none verified		A Local Semi-Fixed Ghost Particles Boundary Method for WCSPH
Tel24	ABSENT	0 phrase candidates, none verified		A displacement-based material point method for weakly compre
Teo12	ABSENT	2 phrase candidates, none verified		Experimental studies on the interaction between vehicles and
Tho06	ABSENT	0 phrase candidates, none verified		Water Stilling for Towing Tank Experiments of High Performan
Tho07	ABSENT	0 phrase candidates, none verified		Water stilling for towing tank seakeeping experiments
Tis21	ABSENT	0 phrase candidates, none verified		Amphibious Vehicle Water Egress Modeling and Simulation Usin
Tod19	ABSENT	0 phrase candidates, none verified		Experimentally Measured Hydroelastic Effects on Impact-Induc
Tou13b	ABSENT	0 phrase candidates, none verified		A critical investigation of smoothed particle hydrodynamics 
Vac12	ABSENT	0 phrase candidates, none verified		SPH Modeling of Shallow Flow with Open Boundaries for Practi
Val15b	ABSENT	0 phrase candidates, none verified		A study of solid wall models for weakly compressible SPH
Van11	ABSENT	0 phrase candidates, none verified		Modeling Floating Object Entry and Exit Using Smoothed Parti
Var22	ABSENT	0 phrase candidates, none verified		Transient, 3D CFD, Moving Mesh Simulation of Vehicle Water W
Var93	ABSENT	0 phrase candidates, none verified		Development of a Passenger Vehicle Finite Element Model. Fin
Vau20	ABSENT	0 phrase candidates, none verified		Material point method after 25 years: Theory, implementation
Wan20d	ABSENT	0 phrase candidates, none verified		A massively parallel and scalable multi-GPU material point m
Was15	ABSENT	0 phrase candidates, none verified		Coupled Multibody Dynamics and Smoothed Particle Hydrodynami
Xia11	ABSENT	1 phrase candidates, none verified		Numerical assessment of flood hazard risk to people and vehi
Xia13b	ABSENT	2 phrase candidates, none verified		Criterion of vehicle stability in floodwaters based on theor
Xin21b	ABSENT	0 phrase candidates, none verified		Analysis and research on vehicle wading performance
Xu19b	ABSENT	0 phrase candidates, none verified		Full-neighbor-list based numerical reproducibility method fo
Yam22	ABSENT	0 phrase candidates, none verified		Coupled multibody dynamics and computational fluid dynamics 
Yam24b	ABSENT	0 phrase candidates, none verified		Modeling of Vehicle Mobility in Shallow Water with Data-Driv
Yan17	ABSENT	0 phrase candidates, none verified		An Enhanced Smoothing Algorithm for MPM to Stabilize Hydrody
Yan18	ABSENT	0 phrase candidates, none verified		Smoothing algorithm for stabilization of the material point 
Zha21g	ABSENT	0 phrase candidates, none verified		Truncated hierarchical B-spline material point method for la
Zha23h	ABSENT	0 phrase candidates, none verified		3D large-scale SPH modeling of vehicle wading with GPU accel
Zha23r	ABSENT	0 phrase candidates, none verified		Multi-GPU multi-resolution SPH framework towards massive hyd
Zho21	ABSENT	0 phrase candidates, none verified		Numerical investigation of non-Newtonian power law flows usi
