round,run,bed,head_len,U,frame,q,y_b,y_c,ratio,froude,n_sunk
v2_boxbed_broken,ovf2_v0p5,box,0.00,0.50,0,0.000000,0.190553,,,0.000000,5206
v2_boxbed_broken,ovf2_v0p5,box,0.00,0.50,5,0.022515,0.198230,0.037247,0.187899,0.043969,4643
v2_boxbed_broken,ovf2_v0p5,box,0.00,0.50,10,0.236274,0.160935,0.178534,1.109352,0.609929,3694
v2_boxbed_broken,ovf2_v0p5,box,0.00,0.50,15,0.266927,0.150772,0.193659,1.284450,0.778164,3220
v2_boxbed_broken,ovf2_v0p5,box,0.00,0.50,20,0.263129,0.137707,0.191818,1.392941,0.922156,4158
v2_boxbed_broken,ovf2_v0p5,box,0.00,0.50,25,0.247396,0.120048,0.184094,1.533499,1.055579,5445
v2_boxbed_broken,ovf2_v0p5,box,0.00,0.50,30,0.254991,0.108061,0.187843,1.738303,1.239148,7350
v2_boxbed_broken,ovf2_v0p5,box,0.00,0.50,35,0.230577,0.091561,0.175653,1.918415,1.250348,8994
v2_boxbed_broken,ovf2_v0p5,box,0.00,0.50,40,0.209147,0.086744,0.164593,1.897467,1.005622,9926
v2_boxbed_broken,ovf2_v0p5,box,0.00,0.50,45,0.166829,0.099162,0.141566,1.427620,0.826350,10894
v2_boxbed_broken,ovf2_v0p5,box,0.00,0.50,50,0.149197,0.098802,0.131407,1.330000,0.925416,12171
v2_boxbed_broken,ovf2_v0p5,box,0.00,0.50,55,0.157606,0.082862,0.136299,1.644889,1.026250,13770
v2_boxbed_broken,ovf2_v0p5,box,0.00,0.50,60,0.189616,0.079437,0.154180,1.940909,1.218015,15117
v2_boxbed_broken,ovf2_v0p5,box,0.00,0.50,65,0.164117,0.079036,0.140027,1.771680,1.115384,15088
v2_boxbed_broken,ovf2_v0p5,box,0.00,0.50,70,0.155436,0.078774,0.135045,1.714330,1.114752,16416
v2_boxbed_broken,ovf2_v0p5,box,0.00,0.50,75,0.144043,0.076530,0.128363,1.677290,1.077897,17533
v2_boxbed_broken,ovf2_v0p5,box,0.00,0.50,80,0.158691,0.074883,0.136924,1.828508,1.272872,18422
v2_boxbed_broken,ovf2_v0p5,box,0.00,0.50,85,0.148112,0.071300,0.130769,1.834071,1.233289,19591
v2_boxbed_broken,ovf2_v0p5,box,0.00,0.50,90,0.142958,0.065206,0.127717,1.958680,1.250696,20948
v2_boxbed_broken,ovf2_v0p5,box,0.00,0.50,95,0.134277,0.065593,0.122493,1.867471,1.248637,22397
v2_boxbed_broken,ovf2_v0p5,box,0.00,0.50,100,0.126139,0.063820,0.117493,1.841000,1.284587,24161
v2_boxbed_broken,ovf2_v0p5,box,0.00,0.50,105,0.133464,0.061462,0.121998,1.984930,1.141827,25864
v2_boxbed_broken,ovf2_v0p5,box,0.00,0.50,110,0.121799,0.060467,0.114782,1.898270,1.130476,28538
v2_boxbed_broken,ovf2_v0p5,box,0.00,0.50,115,0.126139,0.061515,0.117493,1.909977,1.299035,31728
v2_boxbed_broken,ovf2_v0p5,box,0.00,0.50,120,0.110948,0.066127,0.107859,1.631083,1.112316,34952
v2_boxbed_broken,ovf2_v0p5,box,0.00,0.50,125,0.103624,0.054204,0.103059,1.901306,1.185979,37872
v2_boxbed_broken,ovf2_v0p5,box,0.00,0.50,130,0.092773,0.060574,0.095733,1.580415,1.065299,40530
v2_boxbed_broken,ovf2_v0p5,box,0.00,0.50,135,0.092231,0.053151,0.095359,1.794125,1.191233,43033
v2_boxbed_broken,ovf2_v0p5,box,0.00,0.50,140,0.082465,0.052093,0.088503,1.698944,1.785914,45423
v2_boxbed_broken,ovf2_v0p5,box,0.00,0.50,145,0.078125,0.040996,0.085370,2.082405,2.230226,47767
v2_boxbed_broken,ovf2_v0p5,box,0.00,0.50,150,0.081651,0.033564,0.087920,2.619477,2.789375,49939
v2_boxbed_broken,ovf2_v0p5,box,0.00,0.50,155,0.074327,0.026547,0.082580,3.110763,3.050325,52282
v2_boxbed_broken,ovf2_v0p5,box,0.00,0.50,160,0.071343,0.026584,0.080355,3.022731,3.450529,54709
v2_boxbed_broken,ovf2_v0p5,box,0.00,0.50,165,0.089518,0.022201,0.093480,4.210670,5.408446,57181
v2_boxbed_broken,ovf2_v0p5,box,0.00,0.50,170,0.087891,0.019015,0.092343,4.856290,6.465623,59794
v2_boxbed_broken,ovf2_v0p5,box,0.00,0.50,175,0.083550,0.017268,0.089278,5.169993,6.651925,62627
v2_boxbed_broken,ovf2_v0p5,box,0.00,0.50,180,0.097114,0.012800,0.098696,7.710815,9.203032,65520
v2_boxbed_broken,ovf2_v0p5,box,0.00,0.50,185,0.088976,0.011643,0.093102,7.996173,9.962418,68298
v2_boxbed_broken,ovf2_v0p5,box,0.00,0.50,190,0.067546,0.013166,0.077477,5.884731,8.969752,70530
v2_boxbed_broken,ovf2_v0p5,box,0.00,0.50,195,0.050184,0.013959,0.063556,4.552954,9.348769,72384
v2_boxbed_broken,ovf2_v0p5,box,0.00,0.50,200,0.076226,0.014048,0.083981,5.978287,20.808116,74175
v2_boxbed_broken,ovf2_v0p5,box,0.00,0.50,205,0.103624,0.015823,0.103059,6.513360,83.742092,75632
v2_boxbed_broken,ovf2_v0p5,box,0.00,0.50,210,0.046387,0.006545,0.060308,9.213719,35.678919,75680
v2_boxbed_broken,ovf2_v0p5,box,0.00,0.50,215,0.039876,0.002075,0.054524,26.271087,,74107
v2_boxbed_broken,ovf2_v0p5,box,0.00,0.50,220,0.161675,0.002876,0.138635,48.211368,,71513
v2_boxbed_broken,ovf2_v0p5,box,0.00,0.50,225,0.045573,0.007418,0.059600,8.034895,,68722
v2_boxbed_broken,ovf2_v0p5,box,0.00,0.50,230,0.040690,0.004929,0.055263,11.212788,,68992
v2_boxbed_broken,ovf2_v0p5,box,0.00,0.50,235,0.157335,0.007579,0.136143,17.963773,,68913
v2_boxbed_broken,ovf2_v0p5,box,0.00,0.50,240,0.067546,0.009125,0.077477,8.491121,,63005
v2_boxbed_broken,ovf2_v0p5,box,0.00,0.50,245,0.082465,0.008969,0.088503,9.867574,,61987
v2_boxbed_broken,ovf2_v0p5,box,0.00,0.50,250,0.292155,0.011613,0.205677,17.710369,,62575
v2_boxbed_broken,ovf2_v0p5,box,0.00,0.50,255,0.018989,0.008380,0.033249,3.967706,,60492
v2_boxbed_broken,ovf2_v0p5,box,0.00,0.50,260,0.134820,0.008925,0.122823,13.761187,,62525
v2_boxbed_broken,ovf2_v0p5,box,0.00,0.50,265,0.262044,0.014967,0.191291,12.781053,,62090
v2_boxbed_broken,ovf2_v0p5,box,0.00,0.50,270,0.005968,0.005739,0.015369,2.678021,,60432
v2_boxbed_broken,ovf2_v0p5,box,0.00,0.50,275,0.149197,0.009147,0.131407,14.365824,,62270
v2_boxbed_broken,ovf2_v0p5,box,0.00,0.50,280,0.064562,0.015034,0.075178,5.000654,,59884
v2_boxbed_broken,ovf2_v0p5,box,0.00,0.50,285,0.013835,0.003023,0.026921,8.904557,,61003
v2_boxbed_broken,ovf2_v0p5,box,0.00,0.50,290,0.310872,0.013206,0.214371,16.232954,,61690
v2_boxbed_broken,ovf2_v0p5,box,0.00,0.50,295,0.027398,0.010561,0.042454,4.019747,,62598
v2_boxbed_broken,ovf2_v0p7,box,0.00,0.70,0,0.000000,0.191990,,,0.000000,5206
v2_boxbed_broken,ovf2_v0p7,box,0.00,0.70,5,0.022786,0.207720,0.037546,0.180752,0.043781,4701
v2_boxbed_broken,ovf2_v0p7,box,0.00,0.70,10,0.244954,0.169140,0.182880,1.081239,0.600354,3809
v2_boxbed_broken,ovf2_v0p7,box,0.00,0.70,15,0.301107,0.166718,0.209857,1.258752,0.821190,3276
v2_boxbed_broken,ovf2_v0p7,box,0.00,0.70,20,0.311957,0.148453,0.214869,1.447389,1.039563,3916
v2_boxbed_broken,ovf2_v0p7,box,0.00,0.70,25,0.301107,0.127647,0.209857,1.644046,1.251244,5820
v2_boxbed_broken,ovf2_v0p7,box,0.00,0.70,30,0.272624,0.107231,0.196405,1.831609,1.309581,8315
v2_boxbed_broken,ovf2_v0p7,box,0.00,0.70,35,0.255805,0.097054,0.188242,1.939554,1.342882,10612
v2_boxbed_broken,ovf2_v0p7,box,0.00,0.70,40,0.217556,0.089723,0.168976,1.883297,0.964417,12869
v2_boxbed_broken,ovf2_v0p7,box,0.00,0.70,45,0.177138,0.106493,0.147339,1.383553,0.921475,14204
v2_boxbed_broken,ovf2_v0p7,box,0.00,0.70,50,0.160862,0.094963,0.138169,1.454980,1.021317,15241
v2_boxbed_broken,ovf2_v0p7,box,0.00,0.70,55,0.185004,0.080200,0.151670,1.891131,1.211018,15403
v2_boxbed_broken,ovf2_v0p7,box,0.00,0.70,60,0.190430,0.078611,0.154620,1.966902,1.281733,14852
v2_boxbed_broken,ovf2_v0p7,box,0.00,0.70,65,0.166558,0.077949,0.141412,1.814171,1.191375,15215
v2_boxbed_broken,ovf2_v0p7,box,0.00,0.70,70,0.145128,0.078304,0.129006,1.647498,1.014397,16346
v2_boxbed_broken,ovf2_v0p7,box,0.00,0.70,75,0.144586,0.077423,0.128685,1.662104,1.080855,17746
v2_boxbed_broken,ovf2_v0p7,box,0.00,0.70,80,0.143500,0.076431,0.128040,1.675231,1.120701,19278
v2_boxbed_broken,ovf2_v0p7,box,0.00,0.70,85,0.153537,0.070227,0.133943,1.907278,1.318181,20823
v2_boxbed_broken,ovf2_v0p7,box,0.00,0.70,90,0.134820,0.066825,0.122823,1.837988,1.196199,22306
v2_boxbed_broken,ovf2_v0p7,box,0.00,0.70,95,0.131022,0.065429,0.120505,1.841765,1.254166,23773
v2_boxbed_broken,ovf2_v0p7,box,0.00,0.70,100,0.134277,0.061753,0.122493,1.983595,1.399013,25739
v2_boxbed_broken,ovf2_v0p7,box,0.00,0.70,105,0.122884,0.061033,0.115462,1.891804,1.085937,28048
v2_boxbed_broken,ovf2_v0p7,box,0.00,0.70,110,0.112033,0.060877,0.108561,1.783292,1.174704,30666
v2_boxbed_broken,ovf2_v0p7,box,0.00,0.70,115,0.113390,0.060092,0.109436,1.821143,1.148567,33595
v2_boxbed_broken,ovf2_v0p7,box,0.00,0.70,120,0.100369,0.052424,0.100889,1.924489,0.993722,36352
v2_boxbed_broken,ovf2_v0p7,box,0.00,0.70,125,0.099284,0.064880,0.100160,1.543785,1.097082,39066
v2_boxbed_broken,ovf2_v0p7,box,0.00,0.70,130,0.084907,0.065229,0.090241,1.383456,1.161352,41863
v2_boxbed_broken,ovf2_v0p7,box,0.00,0.70,135,0.084093,0.055711,0.089664,1.609452,1.346617,44384
v2_boxbed_broken,ovf2_v0p7,box,0.00,0.70,140,0.065918,0.048385,0.076228,1.575448,1.599193,46758
v2_boxbed_broken,ovf2_v0p7,box,0.00,0.70,145,0.079481,0.035573,0.086355,2.427549,2.371921,49059
v2_boxbed_broken,ovf2_v0p7,box,0.00,0.70,150,0.088162,0.031311,0.092533,2.955313,3.104501,51316
v2_boxbed_broken,ovf2_v0p7,box,0.00,0.70,155,0.100098,0.025168,0.100707,4.001380,4.271195,53609
v2_boxbed_broken,ovf2_v0p7,box,0.00,0.70,160,0.088704,0.023796,0.092912,3.904527,4.741737,55866
v2_boxbed_broken,ovf2_v0p7,box,0.00,0.70,165,0.088433,0.021707,0.092723,4.271650,5.948311,58467
v2_boxbed_broken,ovf2_v0p7,box,0.00,0.70,170,0.089518,0.018677,0.093480,5.005143,6.852537,61100
v2_boxbed_broken,ovf2_v0p7,box,0.00,0.70,175,0.090875,0.016879,0.094422,5.593889,7.602509,63830
v2_boxbed_broken,ovf2_v0p7,box,0.00,0.70,180,0.084093,0.012325,0.089664,7.275055,8.015618,66603
v2_boxbed_broken,ovf2_v0p7,box,0.00,0.70,185,0.090875,0.013212,0.094422,7.146682,9.771216,69222
v2_boxbed_broken,ovf2_v0p7,box,0.00,0.70,190,0.064562,0.011587,0.075178,6.488158,8.429638,71482
v2_boxbed_broken,ovf2_v0p7,box,0.00,0.70,195,0.087619,0.017935,0.092153,5.138131,14.875393,73621
v2_boxbed_broken,ovf2_v0p7,box,0.00,0.70,200,0.056152,0.013854,0.068500,4.944562,13.505960,74880
v2_boxbed_broken,ovf2_v0p7,box,0.00,0.70,205,0.043403,0.010981,0.057693,5.253954,,75773
v2_boxbed_broken,ovf2_v0p7,box,0.00,0.70,210,0.065104,0.009178,0.075599,8.237265,,73923
v2_boxbed_broken,ovf2_v0p7,box,0.00,0.70,215,0.093316,0.000772,0.096105,124.565864,,73810
v2_boxbed_broken,ovf2_v0p7,box,0.00,0.70,220,0.139974,0.003039,0.125934,41.435894,,70652
v2_boxbed_broken,ovf2_v0p7,box,0.00,0.70,225,0.047472,0.002085,0.061245,29.374297,,64441
v2_boxbed_broken,ovf2_v0p7,box,0.00,0.70,230,0.169000,0.005186,0.142791,27.531602,,63200
v2_boxbed_broken,ovf2_v0p7,box,0.00,0.70,235,0.049642,0.008553,0.063097,7.377371,,62001
v2_boxbed_broken,ovf2_v0p7,box,0.00,0.70,240,0.064833,0.004838,0.075389,15.583455,,64182
v2_boxbed_broken,ovf2_v0p7,box,0.00,0.70,245,0.161133,0.010326,0.138325,13.395265,,65683
v2_boxbed_broken,ovf2_v0p7,box,0.00,0.70,250,0.036892,0.011712,0.051769,4.420301,,60321
v2_boxbed_broken,ovf2_v0p7,box,0.00,0.70,255,0.043403,0.006999,0.057693,8.242714,,61303
v2_boxbed_broken,ovf2_v0p7,box,0.00,0.70,260,0.193142,0.011291,0.156085,13.824420,,62335
v2_boxbed_broken,ovf2_v0p7,box,0.00,0.70,265,0.158149,0.013495,0.136612,10.123423,,57176
v2_boxbed_broken,ovf2_v0p7,box,0.00,0.70,270,0.000000,0.004367,,,,56787
v2_boxbed_broken,ovf2_v0p7,box,0.00,0.70,275,0.163845,0.016385,0.139873,8.536597,,57769
v2_boxbed_broken,ovf2_v0p7,box,0.00,0.70,280,0.019531,0.009041,0.033879,3.747231,,55663
v2_boxbed_broken,ovf2_v0p7,box,0.00,0.70,285,0.009223,0.006727,0.020544,3.054255,,56691
v2_boxbed_broken,ovf2_v0p7,box,0.00,0.70,290,0.350749,0.009021,0.232331,25.753348,,56913
v2_boxbed_broken,ovf2_v0p7,box,0.00,0.70,295,0.000000,0.002929,,,,55257
v2_boxbed_broken,ovf2_v0p9,box,0.00,0.90,0,0.000000,0.203448,,,0.000000,5206
v2_boxbed_broken,ovf2_v0p9,box,0.00,0.90,5,0.022786,0.221223,0.037546,0.169719,0.041864,4766
v2_boxbed_broken,ovf2_v0p9,box,0.00,0.90,10,0.255805,0.186338,0.188242,1.010216,0.601922,3856
v2_boxbed_broken,ovf2_v0p9,box,0.00,0.90,15,0.347222,0.177043,0.230771,1.303478,0.905859,3488
v2_boxbed_broken,ovf2_v0p9,box,0.00,0.90,20,0.355360,0.154676,0.234363,1.515184,1.143714,3838
v2_boxbed_broken,ovf2_v0p9,box,0.00,0.90,25,0.347222,0.132838,0.230771,1.737236,1.416935,5626
v2_boxbed_broken,ovf2_v0p9,box,0.00,0.90,30,0.330946,0.114298,0.223502,1.955443,1.587433,8473
v2_boxbed_broken,ovf2_v0p9,box,0.00,0.90,35,0.282389,0.099514,0.201068,2.020497,1.279191,10108
v2_boxbed_broken,ovf2_v0p9,box,0.00,0.90,40,0.226237,0.098853,0.173441,1.754539,0.948772,12591
v2_boxbed_broken,ovf2_v0p9,box,0.00,0.90,45,0.186089,0.113433,0.152262,1.342313,0.965448,16080
v2_boxbed_broken,ovf2_v0p9,box,0.00,0.90,50,0.160862,0.095493,0.138169,1.446910,0.831778,18915
v2_boxbed_broken,ovf2_v0p9,box,0.00,0.90,55,0.219184,0.090586,0.169818,1.874666,1.225467,21120
v2_boxbed_broken,ovf2_v0p9,box,0.00,0.90,60,0.190972,0.085421,0.154914,1.813538,1.235266,19720
v2_boxbed_broken,ovf2_v0p9,box,0.00,0.90,65,0.164659,0.083487,0.140336,1.680920,1.260191,19756
v2_boxbed_broken,ovf2_v0p9,box,0.00,0.90,70,0.161404,0.072395,0.138480,1.912842,1.348173,20755
v2_boxbed_broken,ovf2_v0p9,box,0.00,0.90,75,0.140516,0.062381,0.126259,2.023995,1.262256,22219
v2_boxbed_broken,ovf2_v0p9,box,0.00,0.90,80,0.106066,0.063232,0.104671,1.655338,0.952392,24887
v2_boxbed_broken,ovf2_v0p9,box,0.00,0.90,85,0.107151,0.060059,0.105384,1.754674,1.063873,27827
v2_boxbed_broken,ovf2_v0p9,box,0.00,0.90,90,0.096571,0.061281,0.098328,1.604525,1.020839,31690
v2_boxbed_broken,ovf2_v0p9,box,0.00,0.90,95,0.108236,0.057813,0.106094,1.835114,1.249284,34909
v2_boxbed_broken,ovf2_v0p9,box,0.00,0.90,100,0.110948,0.055528,0.107859,1.942429,1.308532,37545
v2_boxbed_broken,ovf2_v0p9,box,0.00,0.90,105,0.106066,0.051635,0.104671,2.027142,1.311569,39146
v2_boxbed_broken,ovf2_v0p9,box,0.00,0.90,110,0.109592,0.049671,0.106978,2.153748,1.407255,40972
v2_boxbed_broken,ovf2_v0p9,box,0.00,0.90,115,0.093316,0.048582,0.096105,1.978211,1.281572,42733
v2_boxbed_broken,ovf2_v0p9,box,0.00,0.90,120,0.096571,0.046546,0.098328,2.112504,1.102244,44417
v2_boxbed_broken,ovf2_v0p9,box,0.00,0.90,125,0.086263,0.046697,0.091200,1.953009,1.070412,46443
v2_boxbed_broken,ovf2_v0p9,box,0.00,0.90,130,0.086263,0.059335,0.091200,1.537018,1.609512,48437
v2_boxbed_broken,ovf2_v0p9,box,0.00,0.90,135,0.087619,0.041638,0.092153,2.213173,1.962009,50497
v2_boxbed_broken,ovf2_v0p9,box,0.00,0.90,140,0.084364,0.036399,0.089856,2.468625,2.431396,52612
v2_boxbed_broken,ovf2_v0p9,box,0.00,0.90,145,0.070530,0.033004,0.079743,2.416123,2.390864,54769
v2_boxbed_broken,ovf2_v0p9,box,0.00,0.90,150,0.073513,0.028148,0.081976,2.912362,3.189243,57017
v2_boxbed_broken,ovf2_v0p9,box,0.00,0.90,155,0.073513,0.024089,0.081976,3.403079,3.919027,59571
v2_boxbed_broken,ovf2_v0p9,box,0.00,0.90,160,0.064019,0.021936,0.074757,3.407954,4.497379,62134
v2_boxbed_broken,ovf2_v0p9,box,0.00,0.90,165,0.064019,0.018698,0.074757,3.998167,5.806142,64731
v2_boxbed_broken,ovf2_v0p9,box,0.00,0.90,170,0.093587,0.017008,0.096292,5.661561,9.066864,67537
v2_boxbed_broken,ovf2_v0p9,box,0.00,0.90,175,0.093316,0.012124,0.096105,7.926596,10.525889,70341
v2_boxbed_broken,ovf2_v0p9,box,0.00,0.90,180,0.094130,0.010730,0.096663,9.009073,12.305300,72624
v2_boxbed_broken,ovf2_v0p9,box,0.00,0.90,185,0.071615,0.013291,0.080558,6.060967,10.734334,73696
v2_boxbed_broken,ovf2_v0p9,box,0.00,0.90,190,0.046929,0.013045,0.060777,4.659173,8.659841,74355
v2_boxbed_broken,ovf2_v0p9,box,0.00,0.90,195,0.132378,0.010912,0.121336,11.119168,103.053278,74708
v2_boxbed_broken,ovf2_v0p9,box,0.00,0.90,200,0.059679,0.008442,0.071338,8.450856,,71475
v2_boxbed_broken,ovf2_v0p9,box,0.00,0.90,205,0.094401,0.001477,0.096849,65.587129,,70519
v2_boxbed_broken,ovf2_v0p9,box,0.00,0.90,210,0.152724,0.002006,0.133469,66.521332,,67492
v2_boxbed_broken,ovf2_v0p9,box,0.00,0.90,215,0.044488,0.003800,0.058650,15.432733,,63163
v2_boxbed_broken,ovf2_v0p9,box,0.00,0.90,220,0.089789,0.005235,0.093669,17.891278,,62041
v2_boxbed_broken,ovf2_v0p9,box,0.00,0.90,225,0.078668,0.009057,0.085764,9.469115,,61082
v2_boxbed_broken,ovf2_v0p9,box,0.00,0.90,230,0.058865,0.007218,0.070688,9.793192,,61677
v2_boxbed_broken,ovf2_v0p9,box,0.00,0.90,235,0.080838,0.007816,0.087335,11.174051,,60990
v2_boxbed_broken,ovf2_v0p9,box,0.00,0.90,240,0.208333,0.009698,0.164166,16.928163,,57758
v2_boxbed_broken,ovf2_v0p9,box,0.00,0.90,245,0.037435,0.009752,0.052275,5.360559,,56866
v2_boxbed_broken,ovf2_v0p9,box,0.00,0.90,250,0.116374,0.010472,0.111347,10.632449,,52987
v2_boxbed_broken,ovf2_v0p9,box,0.00,0.90,255,0.048828,0.012147,0.062406,5.137403,,51115
v2_boxbed_broken,ovf2_v0p9,box,0.00,0.90,260,0.061849,0.012934,0.073058,5.648608,,53860
v2_boxbed_broken,ovf2_v0p9,box,0.00,0.90,265,0.178765,0.009398,0.148240,15.774405,,53673
v2_boxbed_broken,ovf2_v0p9,box,0.00,0.90,270,0.070530,0.008743,0.079743,9.120822,,53863
v2_boxbed_broken,ovf2_v0p9,box,0.00,0.90,275,0.116916,0.013332,0.111693,8.377974,13.610343,54801
v2_boxbed_broken,ovf2_v0p9,box,0.00,0.90,280,0.083550,0.013409,0.089278,6.657908,9.728493,53402
v2_boxbed_broken,ovf2_v0p9,box,0.00,0.90,285,0.019531,0.008854,0.033879,3.826391,1.921981,51477
v2_boxbed_broken,ovf2_v0p9,box,0.00,0.90,290,0.093316,0.016096,0.096105,5.970586,6.985506,52623
v2_boxbed_broken,ovf2_v0p9,box,0.00,0.90,295,0.093859,0.015918,0.096478,6.060855,7.211639,52420
v3_sdfbed_nohead,ovf3_box,box,0.00,0.70,0,0.000000,0.191990,,,0.000000,5206
v3_sdfbed_nohead,ovf3_box,box,0.00,0.70,5,0.022786,0.207720,0.037546,0.180752,0.043781,4701
v3_sdfbed_nohead,ovf3_box,box,0.00,0.70,10,0.244954,0.169140,0.182880,1.081239,0.600354,3809
v3_sdfbed_nohead,ovf3_box,box,0.00,0.70,15,0.301107,0.166718,0.209857,1.258752,0.821190,3276
v3_sdfbed_nohead,ovf3_box,box,0.00,0.70,20,0.311957,0.148453,0.214869,1.447389,1.039563,3916
v3_sdfbed_nohead,ovf3_box,box,0.00,0.70,25,0.301107,0.127647,0.209857,1.644045,1.251244,5820
v3_sdfbed_nohead,ovf3_box,box,0.00,0.70,30,0.272624,0.107231,0.196405,1.831609,1.309581,8315
v3_sdfbed_nohead,ovf3_box,box,0.00,0.70,35,0.255805,0.097054,0.188242,1.939552,1.342878,10612
v3_sdfbed_nohead,ovf3_box,box,0.00,0.70,40,0.217556,0.089724,0.168976,1.883287,0.964417,12869
v3_sdfbed_nohead,ovf3_box,box,0.00,0.70,45,0.177138,0.106493,0.147339,1.383555,0.921475,14204
v3_sdfbed_nohead,ovf3_box,box,0.00,0.70,50,0.160862,0.094963,0.138169,1.454980,1.021317,15241
v3_sdfbed_nohead,ovf3_box,box,0.00,0.70,55,0.185004,0.080201,0.151670,1.891125,1.211015,15406
v3_sdfbed_nohead,ovf3_box,box,0.00,0.70,60,0.190430,0.078611,0.154620,1.966911,1.281731,14852
v3_sdfbed_nohead,ovf3_box,box,0.00,0.70,65,0.166558,0.077949,0.141412,1.814160,1.191375,15214
v3_sdfbed_nohead,ovf3_box,box,0.00,0.70,70,0.145128,0.078303,0.129006,1.647533,1.014397,16348
v3_sdfbed_nohead,ovf3_box,box,0.00,0.70,75,0.144314,0.077422,0.128524,1.660038,1.078842,17745
v3_sdfbed_nohead,ovf3_box,box,0.00,0.70,80,0.143229,0.076429,0.127879,1.673171,1.118596,19282
v3_sdfbed_nohead,ovf3_box,box,0.00,0.70,85,0.153537,0.070228,0.133943,1.907245,1.318206,20851
v3_sdfbed_nohead,ovf3_box,box,0.00,0.70,90,0.134549,0.066827,0.122658,1.835447,1.193817,22330
v3_sdfbed_nohead,ovf3_box,box,0.00,0.70,95,0.131022,0.065440,0.120505,1.841470,1.254157,23739
v3_sdfbed_nohead,ovf3_box,box,0.00,0.70,100,0.134277,0.061762,0.122493,1.983308,1.398993,25662
v3_sdfbed_nohead,ovf3_box,box,0.00,0.70,105,0.122884,0.061058,0.115462,1.891035,1.085877,28017
v3_sdfbed_nohead,ovf3_box,box,0.00,0.70,110,0.112033,0.060938,0.108561,1.781499,1.174516,30692
v3_sdfbed_nohead,ovf3_box,box,0.00,0.70,115,0.113390,0.060161,0.109436,1.819035,1.148631,33639
v3_sdfbed_nohead,ovf3_box,box,0.00,0.70,120,0.100369,0.052459,0.100889,1.923199,0.994496,36409
v3_sdfbed_nohead,ovf3_box,box,0.00,0.70,125,0.099284,0.064917,0.100160,1.542889,1.096696,39138
v3_sdfbed_nohead,ovf3_box,box,0.00,0.70,130,0.085449,0.065471,0.090625,1.384200,1.169241,41908
v3_sdfbed_nohead,ovf3_box,box,0.00,0.70,135,0.083822,0.056465,0.089471,1.584534,1.343456,44352
v3_sdfbed_nohead,ovf3_box,box,0.00,0.70,140,0.065918,0.048653,0.076228,1.566751,1.599819,46767
v3_sdfbed_nohead,ovf3_box,box,0.00,0.70,145,0.079481,0.035473,0.086355,2.434385,2.372498,49009
v3_sdfbed_nohead,ovf3_box,box,0.00,0.70,150,0.088162,0.031386,0.092533,2.948219,3.099886,51293
v3_sdfbed_nohead,ovf3_box,box,0.00,0.70,155,0.100369,0.025191,0.100889,4.004983,4.281269,53623
v3_sdfbed_nohead,ovf3_box,box,0.00,0.70,160,0.089789,0.023976,0.093669,3.906790,4.790656,55913
v3_sdfbed_nohead,ovf3_box,box,0.00,0.70,165,0.087891,0.021807,0.092343,4.234603,5.897810,58530
v3_sdfbed_nohead,ovf3_box,box,0.00,0.70,170,0.091688,0.018368,0.094985,5.171231,6.920191,61159
v3_sdfbed_nohead,ovf3_box,box,0.00,0.70,175,0.090332,0.016920,0.094046,5.558335,7.451895,63856
v3_sdfbed_nohead,ovf3_box,box,0.00,0.70,180,0.084635,0.012625,0.090049,7.132868,7.758621,66605
v3_sdfbed_nohead,ovf3_box,box,0.00,0.70,185,0.094672,0.013455,0.097034,7.211689,9.874681,69280
v3_sdfbed_nohead,ovf3_box,box,0.00,0.70,190,0.066732,0.012714,0.076854,6.044691,8.646460,71455
v3_sdfbed_nohead,ovf3_box,box,0.00,0.70,195,0.088976,0.016882,0.093102,5.514951,15.571898,73505
v3_sdfbed_nohead,ovf3_sdf_v0p5,sdf,0.00,0.50,0,0.000000,0.206770,,,0.000000,3
v3_sdfbed_nohead,ovf3_sdf_v0p5,sdf,0.00,0.50,5,0.011393,0.199664,0.023652,0.118461,0.021051,32
v3_sdfbed_nohead,ovf3_sdf_v0p5,sdf,0.00,0.50,10,0.226780,0.168163,0.173719,1.033039,0.516584,20
v3_sdfbed_nohead,ovf3_sdf_v0p5,sdf,0.00,0.50,15,0.259874,0.156461,0.190233,1.215846,0.670598,68
v3_sdfbed_nohead,ovf3_sdf_v0p5,sdf,0.00,0.50,20,0.251194,0.145960,0.185973,1.274132,0.732728,121
v3_sdfbed_nohead,ovf3_sdf_v0p5,sdf,0.00,0.50,25,0.229763,0.133382,0.175239,1.313816,0.774399,207
v3_sdfbed_nohead,ovf3_sdf_v0p5,sdf,0.00,0.50,30,0.212945,0.121048,0.166580,1.376143,0.818539,296
v3_sdfbed_nohead,ovf3_sdf_v0p5,sdf,0.00,0.50,35,0.189073,0.109365,0.153885,1.407079,0.804366,301
v3_sdfbed_nohead,ovf3_sdf_v0p5,sdf,0.00,0.50,40,0.173611,0.096533,0.145377,1.505975,0.730377,333
v3_sdfbed_nohead,ovf3_sdf_v0p5,sdf,0.00,0.50,45,0.152724,0.097672,0.133469,1.366497,0.599465,348
v3_sdfbed_nohead,ovf3_sdf_v0p5,sdf,0.00,0.50,50,0.121799,0.108710,0.114782,1.055852,0.528327,380
v3_sdfbed_nohead,ovf3_sdf_v0p5,sdf,0.00,0.50,55,0.121528,0.100984,0.114611,1.134943,0.572085,443
v3_sdfbed_nohead,ovf3_sdf_v0p5,sdf,0.00,0.50,60,0.137533,0.094673,0.124465,1.314690,0.656937,471
v3_sdfbed_nohead,ovf3_sdf_v0p5,sdf,0.00,0.50,65,0.148383,0.092013,0.130928,1.422925,0.719088,520
v3_sdfbed_nohead,ovf3_sdf_v0p5,sdf,0.00,0.50,70,0.122613,0.092352,0.115292,1.248399,0.609294,595
v3_sdfbed_nohead,ovf3_sdf_v0p5,sdf,0.00,0.50,75,0.110135,0.090639,0.107331,1.184166,0.561395,652
v3_sdfbed_nohead,ovf3_sdf_v0p5,sdf,0.00,0.50,80,0.111491,0.089316,0.108211,1.211541,0.608189,686
v3_sdfbed_nohead,ovf3_sdf_v0p5,sdf,0.00,0.50,85,0.116374,0.087747,0.111347,1.268959,0.645118,722
v3_sdfbed_nohead,ovf3_sdf_v0p5,sdf,0.00,0.50,90,0.102268,0.084994,0.102157,1.201938,0.586148,734
v3_sdfbed_nohead,ovf3_sdf_v0p5,sdf,0.00,0.50,95,0.099826,0.080567,0.100525,1.247711,0.589836,780
v3_sdfbed_nohead,ovf3_sdf_v0p5,sdf,0.00,0.50,100,0.099284,0.077979,0.100160,1.284452,0.598951,832
v3_sdfbed_nohead,ovf3_sdf_v0p5,sdf,0.00,0.50,105,0.088704,0.076519,0.092912,1.214246,0.565425,856
v3_sdfbed_nohead,ovf3_sdf_v0p5,sdf,0.00,0.50,110,0.087619,0.073348,0.092153,1.256384,0.584748,936
v3_sdfbed_nohead,ovf3_sdf_v0p5,sdf,0.00,0.50,115,0.075141,0.071447,0.083182,1.164249,0.528042,960
v3_sdfbed_nohead,ovf3_sdf_v0p5,sdf,0.00,0.50,120,0.082465,0.067187,0.088503,1.317264,0.613275,1019
v3_sdfbed_nohead,ovf3_sdf_v0p5,sdf,0.00,0.50,125,0.062391,0.064103,0.073484,1.146337,0.442850,1051
v3_sdfbed_nohead,ovf3_sdf_v0p5,sdf,0.00,0.50,130,0.056966,0.063024,0.069160,1.097359,0.445757,1063
v3_sdfbed_nohead,ovf3_sdf_v0p5,sdf,0.00,0.50,135,0.053168,0.057723,0.066051,1.144270,0.421101,1074
v3_sdfbed_nohead,ovf3_sdf_v0p5,sdf,0.00,0.50,140,0.049371,0.058650,0.062867,1.071899,0.386456,1123
v3_sdfbed_nohead,ovf3_sdf_v0p5,sdf,0.00,0.50,145,0.046387,0.057035,0.060308,1.057374,0.375953,1152
v3_sdfbed_nohead,ovf3_sdf_v0p5,sdf,0.00,0.50,150,0.042046,0.054725,0.056485,1.032150,0.352424,1172
v3_sdfbed_nohead,ovf3_sdf_v0p5,sdf,0.00,0.50,155,0.037706,0.049361,0.052527,1.064144,0.300132,1188
v3_sdfbed_nohead,ovf3_sdf_v0p5,sdf,0.00,0.50,160,0.040148,0.050660,0.054771,1.081141,0.311184,1222
v3_sdfbed_nohead,ovf3_sdf_v0p5,sdf,0.00,0.50,165,0.025228,0.052040,0.040182,0.772139,0.192546,1256
v3_sdfbed_nohead,ovf3_sdf_v0p5,sdf,0.00,0.50,170,0.033637,0.048956,0.048677,0.994299,0.270210,1286
v3_sdfbed_nohead,ovf3_sdf_v0p5,sdf,0.00,0.50,175,0.026584,0.046550,0.041610,0.893874,0.224851,1293
v3_sdfbed_nohead,ovf3_sdf_v0p5,sdf,0.00,0.50,180,0.023600,0.047569,0.038435,0.807976,0.208219,1308
v3_sdfbed_nohead,ovf3_sdf_v0p5,sdf,0.00,0.50,185,0.024957,0.051903,0.039893,0.768614,0.218259,1345
v3_sdfbed_nohead,ovf3_sdf_v0p5,sdf,0.00,0.50,190,0.021430,0.052849,0.036041,0.681957,0.188154,1363
v3_sdfbed_nohead,ovf3_sdf_v0p5,sdf,0.00,0.50,195,0.020074,0.054437,0.034504,0.633825,0.180949,1399
v3_sdfbed_nohead,ovf3_sdf_v0p5,sdf,0.00,0.50,200,0.018446,0.053672,0.032612,0.607624,0.170371,1409
v3_sdfbed_nohead,ovf3_sdf_v0p5,sdf,0.00,0.50,205,0.014106,0.053438,0.027272,0.510343,0.133182,1446
v3_sdfbed_nohead,ovf3_sdf_v0p5,sdf,0.00,0.50,210,0.011664,0.050100,0.024026,0.479567,0.111551,1475
v3_sdfbed_nohead,ovf3_sdf_v0p5,sdf,0.00,0.50,215,0.011664,0.056232,0.024026,0.427271,0.110853,1491
v3_sdfbed_nohead,ovf3_sdf_v0p5,sdf,0.00,0.50,220,0.010308,0.055197,0.022126,0.400848,0.096972,1506
v3_sdfbed_nohead,ovf3_sdf_v0p5,sdf,0.00,0.50,225,0.013021,0.060134,0.025855,0.429945,0.125028,1523
v3_sdfbed_nohead,ovf3_sdf_v0p5,sdf,0.00,0.50,230,0.011393,0.060734,0.023652,0.389441,0.108720,1551
v3_sdfbed_nohead,ovf3_sdf_v0p5,sdf,0.00,0.50,235,0.011664,0.054670,0.024026,0.439480,0.109119,1562
v3_sdfbed_nohead,ovf3_sdf_v0p5,sdf,0.00,0.50,240,0.013563,0.051335,0.026568,0.517534,0.128333,1573
v3_sdfbed_nohead,ovf3_sdf_v0p5,sdf,0.00,0.50,245,0.010851,0.056865,0.022895,0.402625,0.101447,1618
v3_sdfbed_nohead,ovf3_sdf_v0p5,sdf,0.00,0.50,250,0.007867,0.050873,0.018477,0.363208,0.075324,1635
v3_sdfbed_nohead,ovf3_sdf_v0p5,sdf,0.00,0.50,255,0.007595,0.052889,0.018050,0.341284,0.074284,1674
v3_sdfbed_nohead,ovf3_sdf_v0p5,sdf,0.00,0.50,260,0.007867,0.055078,0.018477,0.335477,0.076317,1695
v3_sdfbed_nohead,ovf3_sdf_v0p5,sdf,0.00,0.50,265,0.008409,0.055043,0.019317,0.350949,0.082115,1719
v3_sdfbed_nohead,ovf3_sdf_v0p5,sdf,0.00,0.50,270,0.008409,0.051479,0.019317,0.375251,0.084090,1733
v3_sdfbed_nohead,ovf3_sdf_v0p5,sdf,0.00,0.50,275,0.008138,0.052282,0.018900,0.361497,0.083665,1751
v3_sdfbed_nohead,ovf3_sdf_v0p5,sdf,0.00,0.50,280,0.008681,0.053162,0.019731,0.371140,0.090457,1761
v3_sdfbed_nohead,ovf3_sdf_v0p5,sdf,0.00,0.50,285,0.011664,0.051966,0.024026,0.462347,0.125691,1760
v3_sdfbed_nohead,ovf3_sdf_v0p5,sdf,0.00,0.50,290,0.010037,0.053286,0.021736,0.407911,0.112474,1803
v3_sdfbed_nohead,ovf3_sdf_v0p5,sdf,0.00,0.50,295,0.010037,0.052464,0.021736,0.414301,0.113773,1812
v3_sdfbed_nohead,ovf3_sdf_v0p7,sdf,0.00,0.70,0,0.000000,0.206114,,,0.000000,3
v3_sdfbed_nohead,ovf3_sdf_v0p7,sdf,0.00,0.70,5,0.011393,0.215523,0.023652,0.109744,0.020695,5
v3_sdfbed_nohead,ovf3_sdf_v0p7,sdf,0.00,0.70,10,0.236003,0.180406,0.178397,0.988863,0.517484,23
v3_sdfbed_nohead,ovf3_sdf_v0p7,sdf,0.00,0.70,15,0.293783,0.168410,0.206440,1.225817,0.717347,49
v3_sdfbed_nohead,ovf3_sdf_v0p7,sdf,0.00,0.70,20,0.283203,0.150786,0.201454,1.336028,0.788048,125
v3_sdfbed_nohead,ovf3_sdf_v0p7,sdf,0.00,0.70,25,0.260145,0.136172,0.190365,1.397980,0.858578,229
v3_sdfbed_nohead,ovf3_sdf_v0p7,sdf,0.00,0.70,30,0.243327,0.124864,0.182069,1.458145,0.921492,287
v3_sdfbed_nohead,ovf3_sdf_v0p7,sdf,0.00,0.70,35,0.218370,0.106488,0.169397,1.590755,0.915225,331
v3_sdfbed_nohead,ovf3_sdf_v0p7,sdf,0.00,0.70,40,0.186903,0.098543,0.152706,1.549639,0.774152,345
v3_sdfbed_nohead,ovf3_sdf_v0p7,sdf,0.00,0.70,45,0.149468,0.101386,0.131566,1.297676,0.611840,369
v3_sdfbed_nohead,ovf3_sdf_v0p7,sdf,0.00,0.70,50,0.124783,0.103110,0.116649,1.131304,0.562563,412
v3_sdfbed_nohead,ovf3_sdf_v0p7,sdf,0.00,0.70,55,0.119358,0.096344,0.113243,1.175396,0.568212,465
v3_sdfbed_nohead,ovf3_sdf_v0p7,sdf,0.00,0.70,60,0.138618,0.091092,0.125119,1.373536,0.664142,497
v3_sdfbed_nohead,ovf3_sdf_v0p7,sdf,0.00,0.70,65,0.131022,0.092811,0.120505,1.298400,0.641092,539
v3_sdfbed_nohead,ovf3_sdf_v0p7,sdf,0.00,0.70,70,0.116916,0.092254,0.111693,1.210714,0.591198,589
v3_sdfbed_nohead,ovf3_sdf_v0p7,sdf,0.00,0.70,75,0.118001,0.092634,0.112383,1.213194,0.615721,650
v3_sdfbed_nohead,ovf3_sdf_v0p7,sdf,0.00,0.70,80,0.114746,0.088452,0.110307,1.247078,0.620682,684
v3_sdfbed_nohead,ovf3_sdf_v0p7,sdf,0.00,0.70,85,0.110677,0.084154,0.107683,1.279605,0.633698,736
v3_sdfbed_nohead,ovf3_sdf_v0p7,sdf,0.00,0.70,90,0.112305,0.081700,0.108737,1.330931,0.682584,775
v3_sdfbed_nohead,ovf3_sdf_v0p7,sdf,0.00,0.70,95,0.099826,0.077788,0.100525,1.292286,0.634724,814
v3_sdfbed_nohead,ovf3_sdf_v0p7,sdf,0.00,0.70,100,0.088162,0.073378,0.092533,1.261043,0.574966,842
v3_sdfbed_nohead,ovf3_sdf_v0p7,sdf,0.00,0.70,105,0.077582,0.073000,0.084974,1.164034,0.529729,911
v3_sdfbed_nohead,ovf3_sdf_v0p7,sdf,0.00,0.70,110,0.075684,0.068381,0.083582,1.222294,0.535003,947
v3_sdfbed_nohead,ovf3_sdf_v0p7,sdf,0.00,0.70,115,0.061578,0.066111,0.072844,1.101839,0.440094,993
v3_sdfbed_nohead,ovf3_sdf_v0p7,sdf,0.00,0.70,120,0.057237,0.065751,0.069379,1.055188,0.424134,1049
v3_sdfbed_nohead,ovf3_sdf_v0p7,sdf,0.00,0.70,125,0.067003,0.060239,0.077062,1.279261,0.510259,1079
v3_sdfbed_nohead,ovf3_sdf_v0p7,sdf,0.00,0.70,130,0.057509,0.058602,0.069598,1.187639,0.447610,1104
v3_sdfbed_nohead,ovf3_sdf_v0p7,sdf,0.00,0.70,135,0.048828,0.058584,0.062406,1.065234,0.392035,1141
v3_sdfbed_nohead,ovf3_sdf_v0p7,sdf,0.00,0.70,140,0.043403,0.054168,0.057693,1.065082,0.345463,1163
v3_sdfbed_nohead,ovf3_sdf_v0p7,sdf,0.00,0.70,145,0.040961,0.054323,0.055509,1.021827,0.340813,1184
v3_sdfbed_nohead,ovf3_sdf_v0p7,sdf,0.00,0.70,150,0.037435,0.056148,0.052275,0.931020,0.319056,1213
v3_sdfbed_nohead,ovf3_sdf_v0p7,sdf,0.00,0.70,155,0.039062,0.051523,0.053780,1.043797,0.316911,1237
v3_sdfbed_nohead,ovf3_sdf_v0p7,sdf,0.00,0.70,160,0.034451,0.049362,0.049459,1.001972,0.281816,1265
v3_sdfbed_nohead,ovf3_sdf_v0p7,sdf,0.00,0.70,165,0.029297,0.049769,0.044394,0.891997,0.238220,1281
v3_sdfbed_nohead,ovf3_sdf_v0p7,sdf,0.00,0.70,170,0.028483,0.047935,0.043568,0.908905,0.235215,1298
v3_sdfbed_nohead,ovf3_sdf_v0p7,sdf,0.00,0.70,175,0.023872,0.047447,0.038728,0.816252,0.202223,1339
v3_sdfbed_nohead,ovf3_sdf_v0p7,sdf,0.00,0.70,180,0.021701,0.051995,0.036344,0.698994,0.188817,1366
v3_sdfbed_nohead,ovf3_sdf_v0p7,sdf,0.00,0.70,185,0.024414,0.055295,0.039313,0.710976,0.219569,1370
v3_sdfbed_nohead,ovf3_sdf_v0p7,sdf,0.00,0.70,190,0.019803,0.052720,0.034192,0.648554,0.183731,1377
v3_sdfbed_nohead,ovf3_sdf_v0p7,sdf,0.00,0.70,195,0.015734,0.054189,0.029331,0.541268,0.150120,1402
v3_sdfbed_nohead,ovf3_sdf_v0p7,sdf,0.00,0.70,200,0.015734,0.054707,0.029331,0.536144,0.154229,1432
v3_sdfbed_nohead,ovf3_sdf_v0p7,sdf,0.00,0.70,205,0.014377,0.052690,0.027620,0.524205,0.137080,1440
v3_sdfbed_nohead,ovf3_sdf_v0p7,sdf,0.00,0.70,210,0.014920,0.052303,0.028311,0.541283,0.146259,1469
v3_sdfbed_nohead,ovf3_sdf_v0p7,sdf,0.00,0.70,215,0.009494,0.055288,0.020945,0.378838,0.091908,1518
v3_sdfbed_nohead,ovf3_sdf_v0p7,sdf,0.00,0.70,220,0.008681,0.056350,0.019731,0.350148,0.083732,1541
v3_sdfbed_nohead,ovf3_sdf_v0p7,sdf,0.00,0.70,225,0.010308,0.053581,0.022126,0.412936,0.099379,1564
v3_sdfbed_nohead,ovf3_sdf_v0p7,sdf,0.00,0.70,230,0.010851,0.053793,0.022895,0.425619,0.108148,1608
v3_sdfbed_nohead,ovf3_sdf_v0p7,sdf,0.00,0.70,235,0.008138,0.056436,0.018900,0.334891,0.082033,1631
v3_sdfbed_nohead,ovf3_sdf_v0p7,sdf,0.00,0.70,240,0.010037,0.056798,0.021736,0.382685,0.102946,1661
v3_sdfbed_nohead,ovf3_sdf_v0p7,sdf,0.00,0.70,245,0.012207,0.059010,0.024766,0.419686,0.128169,1686
v3_sdfbed_nohead,ovf3_sdf_v0p7,sdf,0.00,0.70,250,0.009766,0.057702,0.021342,0.369876,0.104121,1690
v3_sdfbed_nohead,ovf3_sdf_v0p7,sdf,0.00,0.70,255,0.007867,0.055367,0.018477,0.333727,0.084115,1712
v3_sdfbed_nohead,ovf3_sdf_v0p7,sdf,0.00,0.70,260,0.011393,0.053454,0.023652,0.442482,0.124099,1738
v3_sdfbed_nohead,ovf3_sdf_v0p7,sdf,0.00,0.70,265,0.011393,0.053531,0.023652,0.441847,0.126742,1771
v3_sdfbed_nohead,ovf3_sdf_v0p7,sdf,0.00,0.70,270,0.009223,0.047390,0.020544,0.433515,0.105585,1778
v3_sdfbed_nohead,ovf3_sdf_v0p7,sdf,0.00,0.70,275,0.008952,0.047684,0.020140,0.422357,0.104270,1806
v3_sdfbed_nohead,ovf3_sdf_v0p7,sdf,0.00,0.70,280,0.009494,0.046376,0.020945,0.451641,0.112162,1817
v3_sdfbed_nohead,ovf3_sdf_v0p7,sdf,0.00,0.70,285,0.010851,0.050846,0.022895,0.450293,0.130453,1849
v3_sdfbed_nohead,ovf3_sdf_v0p7,sdf,0.00,0.70,290,0.006782,0.046443,0.016737,0.360367,0.083204,1871
v3_sdfbed_nohead,ovf3_sdf_v0p7,sdf,0.00,0.70,295,0.008138,0.048958,0.018900,0.386040,0.099763,1873
v3_sdfbed_nohead,ovf3_sdf_v0p9,sdf,0.00,0.90,0,0.000000,0.203846,,,0.000000,3
v3_sdfbed_nohead,ovf3_sdf_v0p9,sdf,0.00,0.90,5,0.011393,0.224742,0.023652,0.105242,0.020012,24
v3_sdfbed_nohead,ovf3_sdf_v0p9,sdf,0.00,0.90,10,0.245226,0.191758,0.183015,0.954406,0.522211,20
v3_sdfbed_nohead,ovf3_sdf_v0p9,sdf,0.00,0.90,15,0.332845,0.175177,0.224356,1.280743,0.774112,50
v3_sdfbed_nohead,ovf3_sdf_v0p9,sdf,0.00,0.90,20,0.309245,0.162918,0.213622,1.311221,0.839013,137
v3_sdfbed_nohead,ovf3_sdf_v0p9,sdf,0.00,0.90,25,0.292969,0.143294,0.206059,1.438010,0.958684,235
v3_sdfbed_nohead,ovf3_sdf_v0p9,sdf,0.00,0.90,30,0.289714,0.123726,0.204530,1.653087,1.091316,322
v3_sdfbed_nohead,ovf3_sdf_v0p9,sdf,0.00,0.90,35,0.242784,0.107553,0.181799,1.690323,0.979131,337
v3_sdfbed_nohead,ovf3_sdf_v0p9,sdf,0.00,0.90,40,0.198296,0.099894,0.158850,1.590186,0.777172,348
v3_sdfbed_nohead,ovf3_sdf_v0p9,sdf,0.00,0.90,45,0.161133,0.105658,0.138325,1.309174,0.673868,360
v3_sdfbed_nohead,ovf3_sdf_v0p9,sdf,0.00,0.90,50,0.137804,0.104306,0.124629,1.194833,0.631734,383
v3_sdfbed_nohead,ovf3_sdf_v0p9,sdf,0.00,0.90,55,0.141330,0.096846,0.126746,1.308732,0.698120,422
v3_sdfbed_nohead,ovf3_sdf_v0p9,sdf,0.00,0.90,60,0.134820,0.089828,0.122823,1.367318,0.704445,467
v3_sdfbed_nohead,ovf3_sdf_v0p9,sdf,0.00,0.90,65,0.126953,0.083307,0.117997,1.416412,0.708442,514
v3_sdfbed_nohead,ovf3_sdf_v0p9,sdf,0.00,0.90,70,0.112033,0.080424,0.108561,1.349860,0.594926,566
v3_sdfbed_nohead,ovf3_sdf_v0p9,sdf,0.00,0.90,75,0.108507,0.082614,0.106271,1.286358,0.570945,632
v3_sdfbed_nohead,ovf3_sdf_v0p9,sdf,0.00,0.90,80,0.091960,0.084031,0.095172,1.132576,0.524580,703
v3_sdfbed_nohead,ovf3_sdf_v0p9,sdf,0.00,0.90,85,0.086806,0.078736,0.091582,1.163153,0.534246,774
v3_sdfbed_nohead,ovf3_sdf_v0p9,sdf,0.00,0.90,90,0.088162,0.076949,0.092533,1.202534,0.563955,854
v3_sdfbed_nohead,ovf3_sdf_v0p9,sdf,0.00,0.90,95,0.082465,0.072183,0.088503,1.226085,0.554899,887
v3_sdfbed_nohead,ovf3_sdf_v0p9,sdf,0.00,0.90,100,0.086534,0.070377,0.091391,1.298587,0.612169,943
v3_sdfbed_nohead,ovf3_sdf_v0p9,sdf,0.00,0.90,105,0.061306,0.067578,0.072630,1.074754,0.435780,990
v3_sdfbed_nohead,ovf3_sdf_v0p9,sdf,0.00,0.90,110,0.062663,0.065439,0.073697,1.126203,0.458284,1058
v3_sdfbed_nohead,ovf3_sdf_v0p9,sdf,0.00,0.90,115,0.056424,0.058946,0.068720,1.165818,0.433757,1118
v3_sdfbed_nohead,ovf3_sdf_v0p9,sdf,0.00,0.90,120,0.059679,0.060396,0.071338,1.181173,0.478700,1168
v3_sdfbed_nohead,ovf3_sdf_v0p9,sdf,0.00,0.90,125,0.052897,0.059222,0.065826,1.111520,0.434294,1202
v3_sdfbed_nohead,ovf3_sdf_v0p9,sdf,0.00,0.90,130,0.050456,0.055430,0.063785,1.150724,0.427756,1246
v3_sdfbed_nohead,ovf3_sdf_v0p9,sdf,0.00,0.90,135,0.046387,0.053875,0.060308,1.119406,0.403106,1283
v3_sdfbed_nohead,ovf3_sdf_v0p9,sdf,0.00,0.90,140,0.043403,0.050738,0.057693,1.137085,0.379397,1321
v3_sdfbed_nohead,ovf3_sdf_v0p9,sdf,0.00,0.90,145,0.034451,0.053623,0.049459,0.922340,0.300384,1356
v3_sdfbed_nohead,ovf3_sdf_v0p9,sdf,0.00,0.90,150,0.032552,0.048570,0.047624,0.980526,0.287188,1388
v3_sdfbed_nohead,ovf3_sdf_v0p9,sdf,0.00,0.90,155,0.035265,0.048308,0.050235,1.039884,0.317331,1430
v3_sdfbed_nohead,ovf3_sdf_v0p9,sdf,0.00,0.90,160,0.027941,0.048704,0.043013,0.883160,0.263024,1477
v3_sdfbed_nohead,ovf3_sdf_v0p9,sdf,0.00,0.90,165,0.027398,0.047137,0.042454,0.900667,0.266205,1513
v3_sdfbed_nohead,ovf3_sdf_v0p9,sdf,0.00,0.90,170,0.025770,0.046084,0.040756,0.884390,0.246735,1551
v3_sdfbed_nohead,ovf3_sdf_v0p9,sdf,0.00,0.90,175,0.020888,0.045999,0.035430,0.770224,0.197471,1585
v3_sdfbed_nohead,ovf3_sdf_v0p9,sdf,0.00,0.90,180,0.023600,0.047418,0.038435,0.810553,0.226532,1641
v3_sdfbed_nohead,ovf3_sdf_v0p9,sdf,0.00,0.90,185,0.018717,0.047296,0.032931,0.696277,0.185101,1681
v3_sdfbed_nohead,ovf3_sdf_v0p9,sdf,0.00,0.90,190,0.016005,0.048888,0.029667,0.606845,0.163165,1735
v3_sdfbed_nohead,ovf3_sdf_v0p9,sdf,0.00,0.90,195,0.011936,0.051862,0.024397,0.470433,0.120586,1766
v3_sdfbed_nohead,ovf3_sdf_v0p9,sdf,0.00,0.90,200,0.012207,0.051853,0.024766,0.477614,0.123434,1803
v3_sdfbed_nohead,ovf3_sdf_v0p9,sdf,0.00,0.90,205,0.011936,0.051435,0.024397,0.474335,0.122232,1849
v3_sdfbed_nohead,ovf3_sdf_v0p9,sdf,0.00,0.90,210,0.012750,0.050718,0.025494,0.502668,0.127011,1869
v3_sdfbed_nohead,ovf3_sdf_v0p9,sdf,0.00,0.90,215,0.013292,0.053292,0.026212,0.491863,0.129501,1904
v3_sdfbed_nohead,ovf3_sdf_v0p9,sdf,0.00,0.90,220,0.013021,0.052621,0.025855,0.491332,0.126949,1937
v3_sdfbed_nohead,ovf3_sdf_v0p9,sdf,0.00,0.90,225,0.010308,0.052715,0.022126,0.419725,0.102023,1971
v3_sdfbed_nohead,ovf3_sdf_v0p9,sdf,0.00,0.90,230,0.008409,0.049569,0.019317,0.389712,0.081137,1999
v3_sdfbed_nohead,ovf3_sdf_v0p9,sdf,0.00,0.90,235,0.011936,0.051078,0.024397,0.477652,0.115850,2050
v3_sdfbed_nohead,ovf3_sdf_v0p9,sdf,0.00,0.90,240,0.011393,0.052900,0.023652,0.447118,0.114255,2088
v3_sdfbed_nohead,ovf3_sdf_v0p9,sdf,0.00,0.90,245,0.008409,0.050950,0.019317,0.379143,0.081218,2111
v3_sdfbed_nohead,ovf3_sdf_v0p9,sdf,0.00,0.90,250,0.006510,0.050928,0.016287,0.319810,0.062601,2144
v3_sdfbed_nohead,ovf3_sdf_v0p9,sdf,0.00,0.90,255,0.010037,0.050095,0.021736,0.433894,0.097981,2210
v3_sdfbed_nohead,ovf3_sdf_v0p9,sdf,0.00,0.90,260,0.007595,0.052531,0.018050,0.343613,0.076072,2263
v3_sdfbed_nohead,ovf3_sdf_v0p9,sdf,0.00,0.90,265,0.008952,0.052388,0.020140,0.384434,0.090611,2277
v3_sdfbed_nohead,ovf3_sdf_v0p9,sdf,0.00,0.90,270,0.008409,0.053323,0.019317,0.362275,0.086636,2298
v3_sdfbed_nohead,ovf3_sdf_v0p9,sdf,0.00,0.90,275,0.009766,0.049946,0.021342,0.427309,0.102515,2306
v3_sdfbed_nohead,ovf3_sdf_v0p9,sdf,0.00,0.90,280,0.010037,0.054861,0.021736,0.396198,0.105069,2321
v3_sdfbed_nohead,ovf3_sdf_v0p9,sdf,0.00,0.90,285,0.011122,0.052026,0.023275,0.447378,0.118910,2350
v3_sdfbed_nohead,ovf3_sdf_v0p9,sdf,0.00,0.90,290,0.008138,0.048941,0.018900,0.386171,0.088515,2370
v3_sdfbed_nohead,ovf3_sdf_v0p9,sdf,0.00,0.90,295,0.006239,0.051500,0.015832,0.307410,0.069501,2392
v4_sdfbed_head0p8,ovf4_head1p0,sdf,1.00,0.80,0,0.000000,0.206100,,,0.000000,3
v4_sdfbed_head0p8,ovf4_head1p0,sdf,1.00,0.80,5,0.011393,0.219324,0.023652,0.107842,0.020586,19
v4_sdfbed_head0p8,ovf4_head1p0,sdf,1.00,0.80,10,0.242784,0.182709,0.181799,0.995018,0.516684,22
v4_sdfbed_head0p8,ovf4_head1p0,sdf,1.00,0.80,15,0.307346,0.181820,0.212746,1.170092,0.685010,86
v4_sdfbed_head0p8,ovf4_head1p0,sdf,1.00,0.80,20,0.296224,0.168779,0.207582,1.229903,0.683159,174
v4_sdfbed_head0p8,ovf4_head1p0,sdf,1.00,0.80,25,0.279948,0.165992,0.199907,1.204316,0.679419,147
v4_sdfbed_head0p8,ovf4_head1p0,sdf,1.00,0.80,30,0.272081,0.161302,0.196144,1.216005,0.689200,173
v4_sdfbed_head0p8,ovf4_head1p0,sdf,1.00,0.80,35,0.284559,0.162408,0.202097,1.244379,0.736082,176
v4_sdfbed_head0p8,ovf4_head1p0,sdf,1.00,0.80,40,0.283203,0.156135,0.201454,1.290253,0.761319,186
v4_sdfbed_head0p8,ovf4_head1p0,sdf,1.00,0.80,45,0.272624,0.149092,0.196405,1.317338,0.769554,201
v4_sdfbed_head0p8,ovf4_head1p0,sdf,1.00,0.80,50,0.263943,0.144747,0.192214,1.327931,0.759134,207
v4_sdfbed_head0p8,ovf4_head1p0,sdf,1.00,0.80,55,0.261230,0.140363,0.190894,1.360003,0.784396,228
v4_sdfbed_head0p8,ovf4_head1p0,sdf,1.00,0.80,60,0.240614,0.137272,0.180714,1.316462,0.751199,232
v4_sdfbed_head0p8,ovf4_head1p0,sdf,1.00,0.80,65,0.256076,0.128854,0.188375,1.461922,0.846948,252
v4_sdfbed_head0p8,ovf4_head1p0,sdf,1.00,0.80,70,0.221625,0.124205,0.171076,1.377370,0.750326,249
v4_sdfbed_head0p8,ovf4_head1p0,sdf,1.00,0.80,75,0.206434,0.124422,0.163167,1.311401,0.743495,252
v4_sdfbed_head0p8,ovf4_head1p0,sdf,1.00,0.80,80,0.189616,0.118961,0.154180,1.296054,0.711264,268
v4_sdfbed_head0p8,ovf4_head1p0,sdf,1.00,0.80,85,0.185818,0.120742,0.152114,1.259829,0.774363,268
v4_sdfbed_head0p8,ovf4_head1p0,sdf,1.00,0.80,90,0.152724,0.114880,0.133469,1.161813,0.768647,253
v4_sdfbed_head0p8,ovf4_head1p0,sdf,1.00,0.80,95,0.185004,0.101165,0.151670,1.499230,1.171008,254
v4_sdfbed_head0p8,ovf4_head1p0,sdf,1.00,0.80,100,0.168186,0.085288,0.142332,1.668850,1.161442,265
v4_sdfbed_head0p8,ovf4_head1p0,sdf,1.00,0.80,105,0.145671,0.076496,0.129328,1.690641,1.089838,283
v4_sdfbed_head0p8,ovf4_head1p0,sdf,1.00,0.80,110,0.187717,0.070781,0.153149,2.163699,1.499609,288
v4_sdfbed_head0p8,ovf4_head1p0,sdf,1.00,0.80,115,0.167914,0.066469,0.142179,2.139038,1.397801,299
v4_sdfbed_head0p8,ovf4_head1p0,sdf,1.00,0.80,120,0.177951,0.064052,0.147790,2.307338,1.498919,284
v4_sdfbed_head0p8,ovf4_head1p0,sdf,1.00,0.80,125,0.167372,0.060219,0.141873,2.355948,1.437358,279
v4_sdfbed_head0p8,ovf4_head1p0,sdf,1.00,0.80,130,0.171441,0.059573,0.144163,2.419934,1.496283,277
v4_sdfbed_head0p8,ovf4_head1p0,sdf,1.00,0.80,135,0.168457,0.059185,0.142485,2.407453,1.478495,280
v4_sdfbed_head0p8,ovf4_head1p0,sdf,1.00,0.80,140,0.177409,0.060806,0.147489,2.425589,1.551351,295
v4_sdfbed_head0p8,ovf4_head1p0,sdf,1.00,0.80,145,0.179308,0.059825,0.148540,2.482918,1.569820,304
v4_sdfbed_head0p8,ovf4_head1p0,sdf,1.00,0.80,150,0.180122,0.061994,0.148989,2.403296,1.546581,309
v4_sdfbed_head0p8,ovf4_head1p0,sdf,1.00,0.80,155,0.182563,0.062090,0.150332,2.421188,1.560965,316
v4_sdfbed_head0p8,ovf4_head1p0,sdf,1.00,0.80,160,0.167372,0.061782,0.141873,2.296330,1.420108,323
v4_sdfbed_head0p8,ovf4_head1p0,sdf,1.00,0.80,165,0.175781,0.061107,0.146586,2.398833,1.451412,330
v4_sdfbed_head0p8,ovf4_head1p0,sdf,1.00,0.80,170,0.161947,0.061239,0.138790,2.266371,1.297939,329
v4_sdfbed_head0p8,ovf4_head1p0,sdf,1.00,0.80,175,0.166558,0.061825,0.141412,2.287292,1.330598,327
v4_sdfbed_head0p8,ovf4_head1p0,sdf,1.00,0.80,180,0.182020,0.063404,0.150034,2.366327,1.453696,310
v4_sdfbed_head0p8,ovf4_head1p0,sdf,1.00,0.80,185,0.181749,0.066107,0.149885,2.267326,1.450474,293
v4_sdfbed_head0p8,ovf4_head1p0,sdf,1.00,0.80,190,0.183377,0.065694,0.150779,2.295163,1.469585,281
v4_sdfbed_head0p8,ovf4_head1p0,sdf,1.00,0.80,195,0.174425,0.064162,0.145831,2.272866,1.381573,271
v4_sdfbed_head0p8,ovf4_head1p0,sdf,1.00,0.80,200,0.178223,0.064670,0.147940,2.287603,1.396056,280
v4_sdfbed_head0p8,ovf4_head1p0,sdf,1.00,0.80,205,0.161404,0.064828,0.138480,2.136111,1.262029,297
v4_sdfbed_head0p8,ovf4_head1p0,sdf,1.00,0.80,210,0.168728,0.066036,0.142638,2.160014,1.326738,278
v4_sdfbed_head0p8,ovf4_head1p0,sdf,1.00,0.80,215,0.172526,0.064388,0.144771,2.248399,1.333042,281
v4_sdfbed_head0p8,ovf4_head1p0,sdf,1.00,0.80,220,0.180664,0.066020,0.149288,2.261258,1.386899,290
v4_sdfbed_head0p8,ovf4_head1p0,sdf,1.00,0.80,225,0.174154,0.067487,0.145680,2.158636,1.328688,309
v4_sdfbed_head0p8,ovf4_head1p0,sdf,1.00,0.80,230,0.174967,0.068125,0.146133,2.145076,1.346343,302
v4_sdfbed_head0p8,ovf4_head1p0,sdf,1.00,0.80,235,0.180664,0.067287,0.149288,2.218668,1.374576,300
v4_sdfbed_head0p8,ovf4_head1p0,sdf,1.00,0.80,240,0.164117,0.066446,0.140027,2.107381,1.233825,313
v4_sdfbed_head0p8,ovf4_head1p0,sdf,1.00,0.80,245,0.173611,0.069378,0.145377,2.095446,1.311436,305
v4_sdfbed_head0p8,ovf4_head1p0,sdf,1.00,0.80,250,0.177951,0.071454,0.147790,2.068327,1.366538,319
v4_sdfbed_head0p8,ovf4_head1p0,sdf,1.00,0.80,255,0.182292,0.071668,0.150183,2.095555,1.396900,324
v4_sdfbed_head0p8,ovf4_head1p0,sdf,1.00,0.80,260,0.179579,0.072344,0.148690,2.055305,1.409391,312
v4_sdfbed_head0p8,ovf4_head1p0,sdf,1.00,0.80,265,0.178223,0.070383,0.147940,2.101933,1.409561,337
v4_sdfbed_head0p8,ovf4_head1p0,sdf,1.00,0.80,270,0.195312,0.068819,0.157252,2.285015,1.542825,329
v4_sdfbed_head0p8,ovf4_head1p0,sdf,1.00,0.80,275,0.194770,0.069495,0.156961,2.258603,1.523305,340
v4_sdfbed_head0p8,ovf4_head1p0,sdf,1.00,0.80,280,0.191786,0.070778,0.155354,2.194936,1.504349,346
v4_sdfbed_head0p8,ovf4_head1p0,sdf,1.00,0.80,285,0.193685,0.069836,0.156377,2.239209,1.541617,350
v4_sdfbed_head0p8,ovf4_head1p0,sdf,1.00,0.80,290,0.190430,0.070795,0.154620,2.184067,1.539443,352
v4_sdfbed_head0p8,ovf4_head1p0,sdf,1.00,0.80,295,0.197211,0.069385,0.158270,2.281053,1.612418,358
v4_sdfbed_head0p8,ovf4_v0p6,sdf,0.60,0.60,0,0.000000,0.206378,,,0.000000,3
v4_sdfbed_head0p8,ovf4_v0p6,sdf,0.60,0.60,5,0.011393,0.201781,0.023652,0.117218,0.020812,21
v4_sdfbed_head0p8,ovf4_v0p6,sdf,0.60,0.60,10,0.233019,0.176319,0.176890,1.003238,0.521576,22
v4_sdfbed_head0p8,ovf4_v0p6,sdf,0.60,0.60,15,0.268555,0.159892,0.194446,1.216111,0.659607,96
v4_sdfbed_head0p8,ovf4_v0p6,sdf,0.60,0.60,20,0.262858,0.149679,0.191686,1.280651,0.698124,206
v4_sdfbed_head0p8,ovf4_v0p6,sdf,0.60,0.60,25,0.248752,0.142590,0.184766,1.295785,0.698702,199
v4_sdfbed_head0p8,ovf4_v0p6,sdf,0.60,0.60,30,0.234104,0.144040,0.177439,1.231877,0.666616,199
v4_sdfbed_head0p8,ovf4_v0p6,sdf,0.60,0.60,35,0.231662,0.139918,0.176203,1.259334,0.683042,232
v4_sdfbed_head0p8,ovf4_v0p6,sdf,0.60,0.60,40,0.222982,0.138738,0.171774,1.238112,0.665500,233
v4_sdfbed_head0p8,ovf4_v0p6,sdf,0.60,0.60,45,0.219998,0.137491,0.170238,1.238171,0.680148,202
v4_sdfbed_head0p8,ovf4_v0p6,sdf,0.60,0.60,50,0.215929,0.132615,0.168132,1.267823,0.715027,209
v4_sdfbed_head0p8,ovf4_v0p6,sdf,0.60,0.60,55,0.206977,0.127950,0.163453,1.277473,0.715176,226
v4_sdfbed_head0p8,ovf4_v0p6,sdf,0.60,0.60,60,0.219184,0.121299,0.169818,1.399995,0.807050,234
v4_sdfbed_head0p8,ovf4_v0p6,sdf,0.60,0.60,65,0.207248,0.114663,0.163595,1.426752,0.809097,251
v4_sdfbed_head0p8,ovf4_v0p6,sdf,0.60,0.60,70,0.194770,0.108760,0.156961,1.443191,0.788619,263
v4_sdfbed_head0p8,ovf4_v0p6,sdf,0.60,0.60,75,0.183105,0.107187,0.150630,1.405304,0.767615,252
v4_sdfbed_head0p8,ovf4_v0p6,sdf,0.60,0.60,80,0.160862,0.105945,0.138169,1.304157,0.684046,250
v4_sdfbed_head0p8,ovf4_v0p6,sdf,0.60,0.60,85,0.144857,0.100302,0.128846,1.284571,0.646509,266
v4_sdfbed_head0p8,ovf4_v0p6,sdf,0.60,0.60,90,0.142144,0.097142,0.127232,1.309751,0.683197,276
v4_sdfbed_head0p8,ovf4_v0p6,sdf,0.60,0.60,95,0.142687,0.093606,0.127555,1.362687,0.695062,286
v4_sdfbed_head0p8,ovf4_v0p6,sdf,0.60,0.60,100,0.131565,0.091182,0.120838,1.325244,0.648662,293
v4_sdfbed_head0p8,ovf4_v0p6,sdf,0.60,0.60,105,0.119900,0.086944,0.113586,1.306431,0.609683,303
v4_sdfbed_head0p8,ovf4_v0p6,sdf,0.60,0.60,110,0.131022,0.089220,0.120505,1.350649,0.879191,307
v4_sdfbed_head0p8,ovf4_v0p6,sdf,0.60,0.60,115,0.115560,0.082547,0.110828,1.342604,0.922883,307
v4_sdfbed_head0p8,ovf4_v0p6,sdf,0.60,0.60,120,0.124783,0.071342,0.116649,1.635066,1.074481,331
v4_sdfbed_head0p8,ovf4_v0p6,sdf,0.60,0.60,125,0.099555,0.064397,0.100343,1.558202,0.885712,310
v4_sdfbed_head0p8,ovf4_v0p6,sdf,0.60,0.60,130,0.106608,0.058183,0.105028,1.805117,0.972409,314
v4_sdfbed_head0p8,ovf4_v0p6,sdf,0.60,0.60,135,0.106879,0.055880,0.105206,1.882702,1.011543,318
v4_sdfbed_head0p8,ovf4_v0p6,sdf,0.60,0.60,140,0.103082,0.054731,0.102699,1.876432,1.004827,318
v4_sdfbed_head0p8,ovf4_v0p6,sdf,0.60,0.60,145,0.121257,0.054356,0.114441,2.105397,1.206384,319
v4_sdfbed_head0p8,ovf4_v0p6,sdf,0.60,0.60,150,0.124783,0.052932,0.116649,2.203764,1.252676,301
v4_sdfbed_head0p8,ovf4_v0p6,sdf,0.60,0.60,155,0.118001,0.051656,0.112383,2.175623,1.189421,308
v4_sdfbed_head0p8,ovf4_v0p6,sdf,0.60,0.60,160,0.117188,0.051276,0.111866,2.181645,1.207649,305
v4_sdfbed_head0p8,ovf4_v0p6,sdf,0.60,0.60,165,0.120443,0.049940,0.113928,2.281288,1.237384,298
v4_sdfbed_head0p8,ovf4_v0p6,sdf,0.60,0.60,170,0.119358,0.050543,0.113243,2.240525,1.231533,298
v4_sdfbed_head0p8,ovf4_v0p6,sdf,0.60,0.60,175,0.107693,0.048184,0.105739,2.194474,1.103717,309
v4_sdfbed_head0p8,ovf4_v0p6,sdf,0.60,0.60,180,0.113118,0.051568,0.109261,2.118768,1.149876,315
v4_sdfbed_head0p8,ovf4_v0p6,sdf,0.60,0.60,185,0.101183,0.049237,0.101433,2.060126,1.015907,305
v4_sdfbed_head0p8,ovf4_v0p6,sdf,0.60,0.60,190,0.107964,0.048598,0.105917,2.179458,1.061910,319
v4_sdfbed_head0p8,ovf4_v0p6,sdf,0.60,0.60,195,0.112033,0.049869,0.108561,2.176913,1.086666,320
v4_sdfbed_head0p8,ovf4_v0p6,sdf,0.60,0.60,200,0.103895,0.050903,0.103238,2.028127,0.999651,301
v4_sdfbed_head0p8,ovf4_v0p6,sdf,0.60,0.60,205,0.099555,0.050697,0.100343,1.979275,0.933207,300
v4_sdfbed_head0p8,ovf4_v0p6,sdf,0.60,0.60,210,0.107151,0.052873,0.105384,1.993138,0.975462,314
v4_sdfbed_head0p8,ovf4_v0p6,sdf,0.60,0.60,215,0.103895,0.055772,0.103238,1.851073,0.934345,296
v4_sdfbed_head0p8,ovf4_v0p6,sdf,0.60,0.60,220,0.097385,0.057281,0.098879,1.726223,0.863067,306
v4_sdfbed_head0p8,ovf4_v0p6,sdf,0.60,0.60,225,0.112576,0.057267,0.108912,1.901811,0.985462,293
v4_sdfbed_head0p8,ovf4_v0p6,sdf,0.60,0.60,230,0.111491,0.055911,0.108211,1.935410,0.969809,305
v4_sdfbed_head0p8,ovf4_v0p6,sdf,0.60,0.60,235,0.114746,0.058051,0.110307,1.900186,0.999249,321
v4_sdfbed_head0p8,ovf4_v0p6,sdf,0.60,0.60,240,0.109863,0.055822,0.107155,1.919598,0.958809,315
v4_sdfbed_head0p8,ovf4_v0p6,sdf,0.60,0.60,245,0.121799,0.057769,0.114782,1.986899,1.043888,313
v4_sdfbed_head0p8,ovf4_v0p6,sdf,0.60,0.60,250,0.111220,0.059008,0.108035,1.830846,0.957777,299
v4_sdfbed_head0p8,ovf4_v0p6,sdf,0.60,0.60,255,0.119629,0.057232,0.113414,1.981650,1.034531,316
v4_sdfbed_head0p8,ovf4_v0p6,sdf,0.60,0.60,260,0.122342,0.059294,0.115122,1.941568,1.043620,310
v4_sdfbed_head0p8,ovf4_v0p6,sdf,0.60,0.60,265,0.107693,0.058726,0.105739,1.800537,0.910030,301
v4_sdfbed_head0p8,ovf4_v0p6,sdf,0.60,0.60,270,0.122342,0.057788,0.115122,1.992150,1.029487,316
v4_sdfbed_head0p8,ovf4_v0p6,sdf,0.60,0.60,275,0.129937,0.060368,0.119839,1.985143,1.066836,332
v4_sdfbed_head0p8,ovf4_v0p6,sdf,0.60,0.60,280,0.117188,0.060625,0.111866,1.845209,0.957569,329
v4_sdfbed_head0p8,ovf4_v0p6,sdf,0.60,0.60,285,0.110677,0.061531,0.107683,1.750056,0.889075,345
v4_sdfbed_head0p8,ovf4_v0p6,sdf,0.60,0.60,290,0.126682,0.062613,0.117829,1.881852,1.012529,344
v4_sdfbed_head0p8,ovf4_v0p6,sdf,0.60,0.60,295,0.127767,0.062007,0.118501,1.911091,1.014899,344
v4_sdfbed_head0p8,ovf4_v0p8,sdf,0.60,0.80,0,0.000000,0.206100,,,0.000000,3
v4_sdfbed_head0p8,ovf4_v0p8,sdf,0.60,0.80,5,0.011393,0.219326,0.023652,0.107841,0.020598,19
v4_sdfbed_head0p8,ovf4_v0p8,sdf,0.60,0.80,10,0.242784,0.182378,0.181799,0.996825,0.522020,22
v4_sdfbed_head0p8,ovf4_v0p8,sdf,0.60,0.80,15,0.307346,0.171560,0.212746,1.240067,0.707210,74
v4_sdfbed_head0p8,ovf4_v0p8,sdf,0.60,0.80,20,0.297038,0.165849,0.207962,1.253924,0.739286,121
v4_sdfbed_head0p8,ovf4_v0p8,sdf,0.60,0.80,25,0.274794,0.155275,0.197446,1.271586,0.716095,146
v4_sdfbed_head0p8,ovf4_v0p8,sdf,0.60,0.80,30,0.257975,0.156607,0.189305,1.208788,0.684648,172
v4_sdfbed_head0p8,ovf4_v0p8,sdf,0.60,0.80,35,0.245768,0.149384,0.183285,1.226944,0.676834,187
v4_sdfbed_head0p8,ovf4_v0p8,sdf,0.60,0.80,40,0.254178,0.147960,0.187443,1.266843,0.711862,183
v4_sdfbed_head0p8,ovf4_v0p8,sdf,0.60,0.80,45,0.262587,0.147843,0.191554,1.295665,0.769087,195
v4_sdfbed_head0p8,ovf4_v0p8,sdf,0.60,0.80,50,0.243598,0.141740,0.182205,1.285487,0.772760,221
v4_sdfbed_head0p8,ovf4_v0p8,sdf,0.60,0.80,55,0.247667,0.133632,0.184228,1.378627,0.837239,226
v4_sdfbed_head0p8,ovf4_v0p8,sdf,0.60,0.80,60,0.240072,0.125817,0.180442,1.434157,0.833825,241
v4_sdfbed_head0p8,ovf4_v0p8,sdf,0.60,0.80,65,0.221625,0.125428,0.171076,1.363945,0.805737,244
v4_sdfbed_head0p8,ovf4_v0p8,sdf,0.60,0.80,70,0.207791,0.117234,0.163881,1.397896,0.779880,248
v4_sdfbed_head0p8,ovf4_v0p8,sdf,0.60,0.80,75,0.180935,0.112940,0.149437,1.323154,0.720705,270
v4_sdfbed_head0p8,ovf4_v0p8,sdf,0.60,0.80,80,0.174425,0.107558,0.145831,1.355833,0.710782,278
v4_sdfbed_head0p8,ovf4_v0p8,sdf,0.60,0.80,85,0.165744,0.103855,0.140951,1.357191,0.721867,271
v4_sdfbed_head0p8,ovf4_v0p8,sdf,0.60,0.80,90,0.151638,0.104791,0.132836,1.267625,0.719722,272
v4_sdfbed_head0p8,ovf4_v0p8,sdf,0.60,0.80,95,0.142415,0.102494,0.127394,1.242940,0.667991,280
v4_sdfbed_head0p8,ovf4_v0p8,sdf,0.60,0.80,100,0.139974,0.094692,0.125934,1.329933,0.793852,289
v4_sdfbed_head0p8,ovf4_v0p8,sdf,0.60,0.80,105,0.147569,0.093229,0.130449,1.399236,1.010339,294
v4_sdfbed_head0p8,ovf4_v0p8,sdf,0.60,0.80,110,0.134549,0.079897,0.122658,1.535205,0.985454,313
v4_sdfbed_head0p8,ovf4_v0p8,sdf,0.60,0.80,115,0.148655,0.071838,0.131088,1.824757,1.134520,318
v4_sdfbed_head0p8,ovf4_v0p8,sdf,0.60,0.80,120,0.142144,0.070410,0.127232,1.807015,1.146788,318
v4_sdfbed_head0p8,ovf4_v0p8,sdf,0.60,0.80,125,0.139974,0.066891,0.125934,1.882674,1.174968,303
v4_sdfbed_head0p8,ovf4_v0p8,sdf,0.60,0.80,130,0.146484,0.062333,0.129809,2.082516,1.258668,295
v4_sdfbed_head0p8,ovf4_v0p8,sdf,0.60,0.80,135,0.166558,0.060593,0.141412,2.333822,1.427561,305
v4_sdfbed_head0p8,ovf4_v0p8,sdf,0.60,0.80,140,0.154080,0.061636,0.134258,2.178236,1.351167,304
v4_sdfbed_head0p8,ovf4_v0p8,sdf,0.60,0.80,145,0.150825,0.060126,0.132361,2.201388,1.325969,294
v4_sdfbed_head0p8,ovf4_v0p8,sdf,0.60,0.80,150,0.165473,0.057590,0.140798,2.444832,1.464415,303
v4_sdfbed_head0p8,ovf4_v0p8,sdf,0.60,0.80,155,0.157606,0.058158,0.136299,2.343607,1.419202,303
v4_sdfbed_head0p8,ovf4_v0p8,sdf,0.60,0.80,160,0.150825,0.057673,0.132361,2.295023,1.326220,313
v4_sdfbed_head0p8,ovf4_v0p8,sdf,0.60,0.80,165,0.140788,0.057582,0.126421,2.195518,1.213247,305
v4_sdfbed_head0p8,ovf4_v0p8,sdf,0.60,0.80,170,0.139703,0.056604,0.125771,2.221961,1.182448,309
v4_sdfbed_head0p8,ovf4_v0p8,sdf,0.60,0.80,175,0.147298,0.061025,0.130289,2.135009,1.220899,322
v4_sdfbed_head0p8,ovf4_v0p8,sdf,0.60,0.80,180,0.128581,0.062031,0.119004,1.918464,1.025935,331
v4_sdfbed_head0p8,ovf4_v0p8,sdf,0.60,0.80,185,0.141873,0.064424,0.127070,1.972401,1.100470,324
v4_sdfbed_head0p8,ovf4_v0p8,sdf,0.60,0.80,190,0.137804,0.063879,0.124629,1.951018,1.069065,325
v4_sdfbed_head0p8,ovf4_v0p8,sdf,0.60,0.80,195,0.139160,0.065026,0.125445,1.929158,1.060002,319
v4_sdfbed_head0p8,ovf4_v0p8,sdf,0.60,0.80,200,0.153266,0.067563,0.133785,1.980151,1.158985,303
v4_sdfbed_head0p8,ovf4_v0p8,sdf,0.60,0.80,205,0.152452,0.066233,0.133311,2.012765,1.158624,306
v4_sdfbed_head0p8,ovf4_v0p8,sdf,0.60,0.80,210,0.141602,0.064923,0.126908,1.954745,1.073496,303
v4_sdfbed_head0p8,ovf4_v0p8,sdf,0.60,0.80,215,0.147569,0.067902,0.130449,1.921136,1.150637,332
v4_sdfbed_head0p8,ovf4_v0p8,sdf,0.60,0.80,220,0.150825,0.064245,0.132361,2.060239,1.150355,316
v4_sdfbed_head0p8,ovf4_v0p8,sdf,0.60,0.80,225,0.176595,0.065407,0.147038,2.248036,1.358598,334
v4_sdfbed_head0p8,ovf4_v0p8,sdf,0.60,0.80,230,0.156793,0.064963,0.135829,2.090867,1.204149,323
v4_sdfbed_head0p8,ovf4_v0p8,sdf,0.60,0.80,235,0.157064,0.065482,0.135986,2.076704,1.185013,310
v4_sdfbed_head0p8,ovf4_v0p8,sdf,0.60,0.80,240,0.151910,0.065770,0.132995,2.022116,1.124512,310
v4_sdfbed_head0p8,ovf4_v0p8,sdf,0.60,0.80,245,0.149197,0.066766,0.131407,1.968169,1.076151,337
v4_sdfbed_head0p8,ovf4_v0p8,sdf,0.60,0.80,250,0.144314,0.067765,0.128524,1.896605,1.031652,329
v4_sdfbed_head0p8,ovf4_v0p8,sdf,0.60,0.80,255,0.151096,0.070200,0.132519,1.887745,1.082164,342
v4_sdfbed_head0p8,ovf4_v0p8,sdf,0.60,0.80,260,0.151638,0.072615,0.132836,1.829331,1.081394,344
v4_sdfbed_head0p8,ovf4_v0p8,sdf,0.60,0.80,265,0.166016,0.069885,0.141105,2.019091,1.172430,346
v4_sdfbed_head0p8,ovf4_v0p8,sdf,0.60,0.80,270,0.160862,0.072608,0.138169,1.902947,1.151014,353
v4_sdfbed_head0p8,ovf4_v0p8,sdf,0.60,0.80,275,0.152452,0.071542,0.133311,1.863389,1.111537,355
v4_sdfbed_head0p8,ovf4_v0p8,sdf,0.60,0.80,280,0.159505,0.072931,0.137392,1.883859,1.178083,355
v4_sdfbed_head0p8,ovf4_v0p8,sdf,0.60,0.80,285,0.167372,0.073775,0.141873,1.923038,1.255029,361
v4_sdfbed_head0p8,ovf4_v0p8,sdf,0.60,0.80,290,0.164659,0.072350,0.140336,1.939673,1.247560,380
v4_sdfbed_head0p8,ovf4_v0p8,sdf,0.60,0.80,295,0.170085,0.069385,0.143402,2.066739,1.308140,357
v4_sdfbed_head0p8,ovf4_v1p0,sdf,0.60,1.00,0,0.000000,0.209793,,,0.000000,3
v4_sdfbed_head0p8,ovf4_v1p0,sdf,0.60,1.00,5,0.011393,0.229519,0.023652,0.103052,0.019769,8
v4_sdfbed_head0p8,ovf4_v1p0,sdf,0.60,1.00,10,0.251736,0.197171,0.186240,0.944563,0.523212,9
v4_sdfbed_head0p8,ovf4_v1p0,sdf,0.60,1.00,15,0.355360,0.183029,0.234363,1.280473,0.786101,50
v4_sdfbed_head0p8,ovf4_v1p0,sdf,0.60,1.00,20,0.330675,0.177430,0.223380,1.258977,0.774490,128
v4_sdfbed_head0p8,ovf4_v1p0,sdf,0.60,1.00,25,0.319282,0.167945,0.218219,1.299353,0.791120,145
v4_sdfbed_head0p8,ovf4_v1p0,sdf,0.60,1.00,30,0.300293,0.162923,0.209479,1.285753,0.769969,163
v4_sdfbed_head0p8,ovf4_v1p0,sdf,0.60,1.00,35,0.291612,0.158042,0.205422,1.299795,0.793044,181
v4_sdfbed_head0p8,ovf4_v1p0,sdf,0.60,1.00,40,0.301649,0.149466,0.210109,1.405734,0.811640,203
v4_sdfbed_head0p8,ovf4_v1p0,sdf,0.60,1.00,45,0.275608,0.150419,0.197836,1.315226,0.721252,212
v4_sdfbed_head0p8,ovf4_v1p0,sdf,0.60,1.00,50,0.261502,0.150730,0.191026,1.267337,0.683722,231
v4_sdfbed_head0p8,ovf4_v1p0,sdf,0.60,1.00,55,0.260688,0.157477,0.190630,1.210528,0.768656,232
v4_sdfbed_head0p8,ovf4_v1p0,sdf,0.60,1.00,60,0.266385,0.138869,0.193397,1.392657,0.850943,252
v4_sdfbed_head0p8,ovf4_v1p0,sdf,0.60,1.00,65,0.252821,0.127315,0.186775,1.467031,0.812993,251
v4_sdfbed_head0p8,ovf4_v1p0,sdf,0.60,1.00,70,0.213216,0.123027,0.166721,1.355160,0.722429,256
v4_sdfbed_head0p8,ovf4_v1p0,sdf,0.60,1.00,75,0.209147,0.123078,0.164593,1.337303,0.776347,264
v4_sdfbed_head0p8,ovf4_v1p0,sdf,0.60,1.00,80,0.194227,0.120790,0.156669,1.297034,0.757129,264
v4_sdfbed_head0p8,ovf4_v1p0,sdf,0.60,1.00,85,0.186089,0.109091,0.152262,1.395739,0.817732,275
v4_sdfbed_head0p8,ovf4_v1p0,sdf,0.60,1.00,90,0.181478,0.106144,0.149736,1.410684,0.850573,285
v4_sdfbed_head0p8,ovf4_v1p0,sdf,0.60,1.00,95,0.180393,0.097423,0.149139,1.530841,0.847940,307
v4_sdfbed_head0p8,ovf4_v1p0,sdf,0.60,1.00,100,0.163303,0.106118,0.139564,1.315180,0.970751,319
v4_sdfbed_head0p8,ovf4_v1p0,sdf,0.60,1.00,105,0.166558,0.097263,0.141412,1.453926,1.072727,326
v4_sdfbed_head0p8,ovf4_v1p0,sdf,0.60,1.00,110,0.160590,0.080941,0.138014,1.705114,1.106768,319
v4_sdfbed_head0p8,ovf4_v1p0,sdf,0.60,1.00,115,0.166558,0.076190,0.141412,1.856050,1.175870,298
v4_sdfbed_head0p8,ovf4_v1p0,sdf,0.60,1.00,120,0.163032,0.074162,0.139409,1.879797,1.174152,295
v4_sdfbed_head0p8,ovf4_v1p0,sdf,0.60,1.00,125,0.180935,0.069592,0.149437,2.147328,1.357531,307
v4_sdfbed_head0p8,ovf4_v1p0,sdf,0.60,1.00,130,0.182292,0.069404,0.150183,2.163888,1.389335,319
v4_sdfbed_head0p8,ovf4_v1p0,sdf,0.60,1.00,135,0.185276,0.068374,0.151818,2.220400,1.410275,298
v4_sdfbed_head0p8,ovf4_v1p0,sdf,0.60,1.00,140,0.190972,0.065804,0.154914,2.354189,1.458449,307
v4_sdfbed_head0p8,ovf4_v1p0,sdf,0.60,1.00,145,0.171441,0.065568,0.144163,2.198686,1.318429,313
v4_sdfbed_head0p8,ovf4_v1p0,sdf,0.60,1.00,150,0.172797,0.065263,0.144922,2.220587,1.325089,309
v4_sdfbed_head0p8,ovf4_v1p0,sdf,0.60,1.00,155,0.174154,0.066600,0.145680,2.187375,1.315965,300
v4_sdfbed_head0p8,ovf4_v1p0,sdf,0.60,1.00,160,0.167372,0.066941,0.141873,2.119361,1.225032,308
v4_sdfbed_head0p8,ovf4_v1p0,sdf,0.60,1.00,165,0.167101,0.068980,0.141719,2.054496,1.189784,344
v4_sdfbed_head0p8,ovf4_v1p0,sdf,0.60,1.00,170,0.160590,0.070348,0.138014,1.961881,1.099389,343
v4_sdfbed_head0p8,ovf4_v1p0,sdf,0.60,1.00,175,0.160862,0.071666,0.138169,1.927963,1.089295,328
v4_sdfbed_head0p8,ovf4_v1p0,sdf,0.60,1.00,180,0.169813,0.072239,0.143249,1.982996,1.132110,332
v4_sdfbed_head0p8,ovf4_v1p0,sdf,0.60,1.00,185,0.174154,0.074458,0.145680,1.956546,1.180729,329
v4_sdfbed_head0p8,ovf4_v1p0,sdf,0.60,1.00,190,0.183919,0.073329,0.151076,2.060235,1.249949,318
v4_sdfbed_head0p8,ovf4_v1p0,sdf,0.60,1.00,195,0.182563,0.074586,0.150332,2.015558,1.257806,328
v4_sdfbed_head0p8,ovf4_v1p0,sdf,0.60,1.00,200,0.177951,0.071903,0.147790,2.055403,1.222782,329
v4_sdfbed_head0p8,ovf4_v1p0,sdf,0.60,1.00,205,0.179308,0.070720,0.148540,2.100395,1.239853,343
v4_sdfbed_head0p8,ovf4_v1p0,sdf,0.60,1.00,210,0.184191,0.072705,0.151224,2.079982,1.271906,343
v4_sdfbed_head0p8,ovf4_v1p0,sdf,0.60,1.00,215,0.177138,0.070444,0.147339,2.091568,1.236688,324
v4_sdfbed_head0p8,ovf4_v1p0,sdf,0.60,1.00,220,0.180393,0.071915,0.149139,2.073819,1.225639,328
v4_sdfbed_head0p8,ovf4_v1p0,sdf,0.60,1.00,225,0.173611,0.072364,0.145377,2.008974,1.166773,350
v4_sdfbed_head0p8,ovf4_v1p0,sdf,0.60,1.00,230,0.171170,0.073697,0.144011,1.954090,1.129603,350
v4_sdfbed_head0p8,ovf4_v1p0,sdf,0.60,1.00,235,0.182292,0.073188,0.150183,2.052025,1.200907,363
v4_sdfbed_head0p8,ovf4_v1p0,sdf,0.60,1.00,240,0.166016,0.075130,0.141105,1.878156,1.079166,373
v4_sdfbed_head0p8,ovf4_v1p0,sdf,0.60,1.00,245,0.180664,0.075032,0.149288,1.989654,1.196239,371
v4_sdfbed_head0p8,ovf4_v1p0,sdf,0.60,1.00,250,0.167372,0.076546,0.141873,1.853420,1.101825,377
v4_sdfbed_head0p8,ovf4_v1p0,sdf,0.60,1.00,255,0.179579,0.075987,0.148690,1.956775,1.182645,395
v4_sdfbed_head0p8,ovf4_v1p0,sdf,0.60,1.00,260,0.173882,0.074016,0.145528,1.966183,1.146100,372
v4_sdfbed_head0p8,ovf4_v1p0,sdf,0.60,1.00,265,0.176053,0.074869,0.146737,1.959917,1.171398,393
v4_sdfbed_head0p8,ovf4_v1p0,sdf,0.60,1.00,270,0.171984,0.078006,0.144467,1.851990,1.131661,385
v4_sdfbed_head0p8,ovf4_v1p0,sdf,0.60,1.00,275,0.192329,0.077345,0.155647,2.012364,1.263018,375
v4_sdfbed_head0p8,ovf4_v1p0,sdf,0.60,1.00,280,0.189073,0.076139,0.153885,2.021114,1.238964,389
v4_sdfbed_head0p8,ovf4_v1p0,sdf,0.60,1.00,285,0.172526,0.077389,0.144771,1.870689,1.150410,379
v4_sdfbed_head0p8,ovf4_v1p0,sdf,0.60,1.00,290,0.169271,0.078758,0.142944,1.814971,1.125641,356
v4_sdfbed_head0p8,ovf4_v1p0,sdf,0.60,1.00,295,0.175239,0.078279,0.146284,1.868752,1.163341,358
