t,dx,dy,dz,dmag,yaw_deg,pitch_deg,roll_deg,vx,vy,vz,vmag,wx,wy,wz
0.000000000000000000e+00,0.000000000000000000e+00,0.000000000000000000e+00,0.000000000000000000e+00,0.000000000000000000e+00,2.612104729255148583e-01,-5.010351883352634657e-03,-7.473904483806702130e-03,-1.492674741894006729e-02,1.938351429998874664e-02,-2.116563729941844940e-02,3.234984725713729858e-02,2.339365147054195404e-02,1.602245308458805084e-02,2.272022888064384460e-02
3.333333333333333287e-02,2.687311172485351562e-02,2.675056457519531250e-04,3.438949584960937500e-03,2.709357999265193939e-02,1.485185147988133669e-01,1.109158870572329566e-04,-2.568862694898091936e-01,1.082775354385375977e+00,4.176305141299962997e-03,1.824993267655372620e-02,1.082937240600585938e+00,-2.324316883459687233e-03,-1.606945507228374481e-02,-7.548648864030838013e-02
6.666666666666666574e-02,6.788492202758789062e-02,3.890991210937500000e-04,3.751218318939208984e-03,6.798960268497467041e-02,-1.470489702504160223e-02,-1.230924939934785523e-05,-2.789783295972303456e-01,1.345106363296508789e+00,2.930865390226244926e-03,-2.056879177689552307e-02,1.345266819000244141e+00,1.130324555560946465e-03,2.911074459552764893e-02,-9.135191887617111206e-02
1.000000000000000056e-01,1.163635253906250000e-01,4.715919494628906250e-04,2.172589302062988281e-03,1.163847595453262329e-01,-1.880219810806399161e-01,1.062312103073601598e-05,-1.681114860621635010e-01,1.537864804267883301e+00,2.068975009024143219e-03,-7.925777137279510498e-02,1.539907217025756836e+00,-1.651159138418734074e-03,9.584207832813262939e-02,-8.925918489694595337e-02
1.333333333333333315e-01,1.694865226745605469e-01,5.292892456054687500e-04,-2.443790435791015625e-06,1.694873422384262085e-01,-3.428384905831604046e-01,3.195058189939830109e-03,1.101913201503700555e-02,1.589666724205017090e+00,3.126724390313029289e-03,-2.586495317518711090e-02,1.589880228042602539e+00,-1.570005528628826141e-02,-4.279981367290019989e-03,-8.076563477516174316e-02
1.666666666666666574e-01,2.228398323059082031e-01,6.475448608398437500e-04,-2.115368843078613281e-04,2.228408753871917725e-01,-4.748876317045011564e-01,3.844850726454726342e-05,9.687811877505651424e-04,1.597142457962036133e+00,3.570338943973183632e-03,-1.365513354539871216e-02,1.597204804420471191e+00,-2.148824278265237808e-03,-7.422431837767362595e-03,-6.576105207204818726e-02
1.999999999999999833e-01,2.764472961425781250e-01,7.739067077636718750e-04,-1.658797264099121094e-04,2.764484286308288574e-01,-5.931126567087212642e-01,7.774740361734294898e-04,3.072966682558367791e-03,1.606811285018920898e+00,3.799695521593093872e-03,-2.022877521812915802e-02,1.606943130493164062e+00,-5.633056207443587482e-05,-1.718339510262012482e-02,-5.914466083049774170e-02
2.333333333333333093e-01,3.301434516906738281e-01,9.160041809082031250e-04,-1.847147941589355469e-04,3.301447927951812744e-01,-7.032375576049821886e-01,6.362791871264640749e-04,1.963937853009855260e-03,1.605107188224792480e+00,4.001434892416000366e-03,-2.117115259170532227e-02,1.605251789093017578e+00,-9.375686640851199627e-04,-1.722824573516845703e-02,-5.597526952624320984e-02
2.666666666666666630e-01,3.838591575622558594e-01,1.046180725097656250e-03,-1.887679100036621094e-04,3.838606178760528564e-01,-8.077704012008539713e-01,4.017932827865428329e-04,2.048395159804312742e-03,1.604998350143432617e+00,3.342962358146905899e-03,-1.528347935527563095e-02,1.605074644088745117e+00,-8.107961155474185944e-03,7.707742974162101746e-03,-5.803139135241508484e-02
2.999999999999999889e-01,4.376540184020996094e-01,1.146316528320312500e-03,-1.974701881408691406e-04,4.376555681228637695e-01,-9.092429998834425930e-01,7.142250107824319946e-04,9.242454070087231365e-04,1.610192060470581055e+00,2.312832046300172806e-03,-2.327444963157176971e-02,1.610361814498901367e+00,-1.094641047529876232e-03,-2.020505815744400024e-02,-5.245291814208030701e-02
3.333333333333333148e-01,4.912800788879394531e-01,1.213550567626953125e-03,-2.120733261108398438e-04,4.912816286087036133e-01,-1.008643063039755594e+00,-4.691720160985984336e-04,1.710267184804585441e-04,1.598260521888732910e+00,2.211503218859434128e-03,-2.369932085275650024e-02,1.598437786102294922e+00,1.496651908382773399e-03,-1.973182521760463715e-02,-4.935612156987190247e-02
3.666666666666666408e-01,5.442595481872558594e-01,1.260280609130859375e-03,-1.813173294067382812e-04,5.442610383033752441e-01,-1.102421240178913298e+00,1.189067920255867418e-03,1.360650263828071509e-03,1.569127798080444336e+00,7.564684492535889149e-04,-1.737150363624095917e-02,1.569224119186401367e+00,-2.781471470370888710e-03,-3.777294419705867767e-03,-4.959802329540252686e-02
3.999999999999999667e-01,5.963263511657714844e-01,1.301288604736328125e-03,-1.770257949829101562e-04,5.963277816772460938e-01,-1.192862763186813835e+00,-5.388668136559223018e-04,2.560896761662466610e-03,1.540920734405517578e+00,1.499051693826913834e-03,-1.870564371347427368e-02,1.541034936904907227e+00,3.772959113121032715e-03,-9.221498854458332062e-03,-4.356545954942703247e-02
4.333333333333332926e-01,6.475291252136230469e-01,1.334190368652343750e-03,-2.148151397705078125e-04,6.475305557250976562e-01,-1.277766923768538287e+00,-1.707022803260663214e-04,-5.057964771871036134e-04,1.519826292991638184e+00,8.411757880821824074e-04,-2.050033397972583771e-02,1.519964814186096191e+00,8.831687271595001221e-03,2.350969426333904266e-02,-3.983525559306144714e-02
4.666666666666666186e-01,6.982240676879882812e-01,1.348018646240234375e-03,-1.984238624572753906e-04,6.982253789901733398e-01,-1.359461215605474171e+00,1.167437806719447873e-03,1.035772976713851144e-04,1.513477444648742676e+00,-1.880170166259631515e-04,-2.434113062918186188e-02,1.513673186302185059e+00,-4.849887453019618988e-03,-1.955733448266983032e-02,-4.443316534161567688e-02
4.999999999999999445e-01,7.487182617187500000e-01,1.336097717285156250e-03,-1.918673515319824219e-04,7.487195134162902832e-01,-1.440990515685271811e+00,2.036153612149914653e-04,2.131819642278170827e-03,1.505774974822998047e+00,-8.188516367226839066e-04,-1.555771194398403168e-02,1.505855560302734375e+00,-2.610010793432593346e-03,-7.558087818324565887e-03,-4.320582374930381775e-02
5.333333333333333259e-01,7.990226745605468750e-01,1.296997070312500000e-03,-2.149939537048339844e-04,7.990237474441528320e-01,-1.521025818605834967e+00,-1.399054992004205938e-04,5.474029868122011824e-04,1.499357223510742188e+00,-1.174947246909141541e-03,-2.273518964648246765e-02,1.499530076980590820e+00,9.174633771181106567e-03,-8.746399544179439545e-03,-3.661859035491943359e-02
5.666666666666666519e-01,8.488340377807617188e-01,1.249790191650390625e-03,-1.967549324035644531e-04,8.488349914550781250e-01,-1.599720270014959977e+00,-5.064241446412723769e-04,1.246941204489579675e-03,1.476712346076965332e+00,-1.203441177494823933e-03,-1.707925088703632355e-02,1.476811528205871582e+00,1.038402132689952850e-02,7.027439307421445847e-03,-3.580277413129806519e-02
5.999999999999999778e-01,8.979024887084960938e-01,1.204490661621093750e-03,-1.929998397827148438e-04,8.979033231735229492e-01,-1.675979438819858114e+00,1.527412335004111926e-04,-2.097794594690395933e-03,1.455070734024047852e+00,-1.280648517422378063e-03,-2.285590209066867828e-02,1.455250859260559082e+00,-1.195840258151292801e-02,3.003518283367156982e-02,-4.624536260962486267e-02
6.333333333333333037e-01,9.463095664978027344e-01,1.163482666015625000e-03,-1.885294914245605469e-04,9.463103413581848145e-01,-1.750430635207112839e+00,1.812811215218603791e-04,2.405453262138480298e-03,1.437861323356628418e+00,-1.357791596092283726e-03,-1.833958178758621216e-02,1.437978982925415039e+00,-1.593912020325660706e-02,1.427261065691709518e-02,-4.671402648091316223e-02
6.666666666666666297e-01,9.943051338195800781e-01,1.115322113037109375e-03,-1.543164253234863281e-04,9.943057894706726074e-01,-1.823440234792671699e+00,-2.368368042591713395e-04,4.716185590934302702e-03,1.427721858024597168e+00,-1.348795951344072819e-03,-1.323703769594430923e-02,1.427783846855163574e+00,2.095254138112068176e-03,-3.352865809574723244e-03,-3.666472807526588440e-02
6.999999999999999556e-01,1.042111873626708984e+00,1.047611236572265625e-03,-2.035498619079589844e-04,1.042112350463867188e+00,-1.895479307185854001e+00,5.327039478082909842e-04,7.971852955243067997e-04,1.424573540687561035e+00,-2.659706631675362587e-03,-1.540298294275999069e-02,1.424659371376037598e+00,-5.652307532727718353e-03,8.720490732230246067e-04,-4.083592072129249573e-02
7.333333333333332815e-01,1.089739322662353516e+00,9.536743164062500000e-04,-1.963376998901367188e-04,1.089739799499511719e+00,-1.968199477505333306e+00,1.039896196914025456e-03,5.025938359197100426e-04,1.420328378677368164e+00,-3.329623723402619362e-03,-2.169788256287574768e-02,1.420498013496398926e+00,-3.979909233748912811e-03,-1.780074276030063629e-02,-3.963683173060417175e-02
7.666666666666666075e-01,1.137017726898193359e+00,8.502006530761718750e-04,-1.578927040100097656e-04,1.137018084526062012e+00,-2.042536908554224873e+00,-8.446427392925397789e-04,3.398605456140646811e-03,1.403086900711059570e+00,-2.607525559142231941e-03,-1.461540348827838898e-02,1.403165459632873535e+00,7.967101992107927799e-04,-7.247444242238998413e-03,-3.771808743476867676e-02
7.999999999999999334e-01,1.183760643005371094e+00,7.386207580566406250e-04,-2.157092094421386719e-04,1.183760881423950195e+00,-2.115555472763069655e+00,1.426631583749947315e-05,7.152136456467316330e-04,1.388168931007385254e+00,-3.239188343286514282e-03,-2.219857461750507355e-02,1.388350248336791992e+00,-3.503402695059776306e-03,-1.810629293322563171e-02,-3.957889974117279053e-02
8.333333333333332593e-01,1.229905605316162109e+00,6.208419799804687500e-04,-2.151131629943847656e-04,1.229905724525451660e+00,-2.189375943869155794e+00,4.574012581174825409e-04,4.705902214617307684e-05,1.372741580009460449e+00,-3.704243106767535210e-03,-2.316111326217651367e-02,1.372941970825195312e+00,-8.054281584918498993e-03,-1.290891598910093307e-02,-4.233875870704650879e-02
8.666666666666665853e-01,1.275655746459960938e+00,4.906654357910156250e-04,-1.570582389831542969e-04,1.275655865669250488e+00,-2.264594896207801966e+00,-1.215674037544762793e-03,2.811470572322382136e-03,1.362258315086364746e+00,-3.901892341673374176e-03,-1.823480241000652313e-02,1.362385988235473633e+00,1.561289187520742416e-02,1.423398219048976898e-02,-3.205322474241256714e-02
8.999999999999999112e-01,1.321150779724121094e+00,3.347396850585937500e-04,-2.083778381347656250e-04,1.321150779724121094e+00,-2.339110125618525604e+00,5.727085896425088704e-04,3.631751111988455738e-04,1.360016822814941406e+00,-4.986516665667295456e-03,-2.670237980782985687e-02,1.360288023948669434e+00,-4.709288477897644043e-03,-2.497849054634571075e-02,-4.075305536389350891e-02
9.333333333333332371e-01,1.366486072540283203e+00,1.502037048339843750e-04,-2.046823501586914062e-04,1.366486072540283203e+00,-2.414095570864922102e+00,4.217715548427054015e-04,-8.638100722933453671e-04,1.350681781768798828e+00,-6.017473526298999786e-03,-1.578944921493530273e-02,1.350787520408630371e+00,-8.442530408501625061e-03,1.854931563138961792e-02,-4.383185133337974548e-02
9.666666666666665630e-01,1.411587715148925781e+00,-6.246566772460937500e-05,-1.846551895141601562e-04,1.411587715148925781e+00,-2.487298550181356926e+00,9.848763634445615364e-04,-1.455359003382080459e-03,1.343160867691040039e+00,-7.209436967968940735e-03,-1.690707355737686157e-02,1.343286633491516113e+00,4.231691360473632812e-03,3.777916729450225830e-02,-3.694963082671165466e-02
9.999999999999998890e-01,1.456162929534912109e+00,-2.994537353515625000e-04,-2.242922782897949219e-04,1.456162929534912109e+00,-2.556363075190998480e+00,1.489007502607561781e-05,-9.524854268388054698e-05,1.321551203727722168e+00,-7.453381549566984177e-03,-1.041529234498739243e-02,1.321613311767578125e+00,-5.670061334967613220e-03,1.116960123181343079e-02,-3.662374243140220642e-02
1.033333333333333215e+00,1.499583721160888672e+00,-5.488395690917968750e-04,-5.966424942016601562e-05,1.499583840370178223e+00,-2.608034096592379836e+00,1.941858341040496707e-03,-8.771559551066461513e-03,1.269159317016601562e+00,-7.447285577654838562e-03,6.340121850371360779e-03,1.269196987152099609e+00,9.873926319414749742e-05,-2.804407849907875061e-03,-2.003386989235877991e-02
1.066666666666666652e+00,1.538417339324951172e+00,-7.705688476562500000e-04,2.110242843627929688e-03,1.538418889045715332e+00,-2.586092327327125240e+00,9.626216986444058321e-03,-1.494614277498189092e-01,1.017539978027343750e+00,-5.059541668742895126e-03,1.081155166029930115e-01,1.023280143737792969e+00,-9.493685327470302582e-03,-1.314903497695922852e-01,4.735495522618293762e-02
1.100000000000000089e+00,1.564435958862304688e+00,-8.044242858886718750e-04,8.441030979156494141e-03,1.564458966255187988e+00,-2.464707059171304948e+00,3.109574781041591794e-04,-6.088679821332365627e-01,5.535731911659240723e-01,2.021227963268756866e-03,2.332198917865753174e-01,6.006986498832702637e-01,-1.454757247120141983e-02,-2.819295823574066162e-01,5.470789596438407898e-02
1.133333333333333526e+00,1.577336788177490234e+00,-6.527900695800781250e-04,1.769155263900756836e-02,1.577436208724975586e+00,-2.412252487006076418e+00,2.543506021979632914e-04,-1.265059890426258660e+00,2.687278687953948975e-01,6.283670198172330856e-03,2.808421254158020020e-01,3.887498676776885986e-01,-1.889789476990699768e-02,-3.497986495494842529e-01,-1.066132448613643646e-03
1.166666666666666963e+00,1.584313392639160156e+00,-4.472732543945312500e-04,2.754366397857666016e-02,1.584552884101867676e+00,-2.442913419633675254e+00,-2.815186238586562194e-04,-1.970483748895879517e+00,1.699885874986648560e-01,5.138681735843420029e-03,2.792876362800598145e-01,3.269925117492675781e-01,-1.116016041487455368e-02,-3.540061414241790771e-01,-2.240222878754138947e-02
1.200000000000000400e+00,1.589523315429687500e+00,-3.404617309570312500e-04,3.674733638763427734e-02,1.589948058128356934e+00,-2.487525013641024962e+00,1.199311956622784978e-05,-2.636653656431791060e+00,1.465220451354980469e-01,1.542915124446153641e-03,2.488002181053161621e-01,2.887431979179382324e-01,-1.649502664804458618e-02,-3.142683804035186768e-01,-2.359621599316596985e-02
1.233333333333333837e+00,1.594608306884765625e+00,-3.309249877929687500e-04,4.447209835052490234e-02,1.595228314399719238e+00,-2.528751395140987235e+00,7.515053439751323084e-05,-3.200437961092153394e+00,1.579180061817169189e-01,-1.036369125358760357e-03,1.955036520957946777e-01,2.513182163238525391e-01,-1.339253876358270645e-02,-2.469074726104736328e-01,-2.262318879365921021e-02
1.266666666666667274e+00,1.600422859191894531e+00,-4.119873046875000000e-04,5.026012659072875977e-02,1.601211905479431152e+00,-2.566458308227689056e+00,-6.434652743604452646e-06,-3.626240064800387852e+00,1.851619184017181396e-01,-3.928356803953647614e-03,1.379082947969436646e-01,2.309092134237289429e-01,-6.591322831809520721e-03,-1.751339584589004517e-01,-1.789958402514457703e-02
1.300000000000000711e+00,1.607048988342285156e+00,-6.051063537597656250e-04,5.421555042266845703e-02,1.607963442802429199e+00,-2.598641946153377624e+00,3.552935855568762090e-05,-3.918711753268095510e+00,2.063013911247253418e-01,-7.815949618816375732e-03,8.935196697711944580e-02,2.249558269977569580e-01,-6.784968543797731400e-03,-1.135913059115409851e-01,-1.659403741359710693e-02
1.333333333333334147e+00,1.614229679107666016e+00,-9.603500366210937500e-04,5.681639909744262695e-02,1.615229606628417969e+00,-2.626386174561969433e+00,2.989389100293696265e-04,-4.111398219943325216e+00,2.192844003438949585e-01,-1.316053420305252075e-02,5.973544716835021973e-02,2.276558279991149902e-01,-6.062591448426246643e-03,-7.853759080171585083e-02,-1.476478110998868942e-02
1.366666666666667584e+00,1.621580600738525391e+00,-1.481056213378906250e-03,5.883163213729858398e-02,1.622648119926452637e+00,-2.648860698582484741e+00,2.169078414872352141e-04,-4.261502726011756614e+00,2.171767503023147583e-01,-1.773328706622123718e-02,5.546324700117111206e-02,2.248474657535552979e-01,-4.943064413964748383e-03,-7.240135967731475830e-02,-1.106982398778200150e-02
1.400000000000001021e+00,1.628601074218750000e+00,-2.147674560546875000e-03,6.097608804702758789e-02,1.629743576049804688e+00,-2.665040989839421837e+00,1.923701268640269635e-03,-4.418821619391014366e+00,2.027560174465179443e-01,-2.193484269082546234e-02,6.610631197690963745e-02,2.143855988979339600e-01,-2.456614281982183456e-03,-8.215472102165222168e-02,-7.387591060250997543e-03
1.433333333333334458e+00,1.635215759277343750e+00,-2.944469451904296875e-03,6.338912248611450195e-02,1.636446595191955566e+00,-2.675865985900245825e+00,1.072445921139787532e-02,-4.585461586553223334e+00,1.948270797729492188e-01,-2.533120661973953247e-02,6.902896612882614136e-02,2.082408666610717773e-01,1.004806836135685444e-03,-8.113329857587814331e-02,-5.062167532742023468e-03
1.466666666666667895e+00,1.641735076904296875e+00,-3.823757171630859375e-03,6.555527448654174805e-02,1.643047809600830078e+00,-2.684661775447341192e+00,2.286275090572185975e-02,-4.728749136943159570e+00,1.964194625616073608e-01,-2.710527554154396057e-02,5.229330062866210938e-02,2.050606906414031982e-01,2.648310270160436630e-03,-5.857171863317489624e-02,-4.652586299926042557e-03
1.500000000000001332e+00,1.648404121398925781e+00,-4.753112792968750000e-03,6.686758995056152344e-02,1.649766683578491211e+00,-2.693814869265393153e+00,3.407332248437427991e-02,-4.809547713503471655e+00,2.021277695894241333e-01,-2.843408286571502686e-02,2.081973850727081299e-02,2.051769793033599854e-01,3.083137329667806625e-03,-1.960124820470809937e-02,-5.249599460512399673e-03
1.533333333333334769e+00,1.655194282531738281e+00,-5.724430084228515625e-03,6.710046529769897461e-02,1.656563758850097656e+00,-2.704279359404087035e+00,4.182144839118641377e-02,-4.814768112463476690e+00,2.027093917131423950e-01,-2.968925796449184418e-02,-9.625335223972797394e-03,2.050980180501937866e-01,3.121833782643079758e-03,1.762141101062297821e-02,-6.186724174767732620e-03
1.566666666666668206e+00,1.661834239959716797e+00,-6.739139556884765625e-03,6.654119491577148438e-02,1.663179516792297363e+00,-2.716315219938707504e+00,4.714794540200507172e-02,-4.764298990912606335e+00,1.929938048124313354e-01,-3.098968975245952606e-02,-2.573825605213642120e-02,1.971533000469207764e-01,3.382947063073515892e-03,3.762245178222656250e-02,-7.069132290780544281e-03
1.600000000000001643e+00,1.667957782745361328e+00,-7.794857025146484375e-03,6.576526165008544922e-02,1.669272065162658691e+00,-2.729717118307330548e+00,5.268953667577293970e-02,-4.697261964869400508e+00,1.728093624114990234e-01,-3.203398734331130981e-02,-2.360592596232891083e-02,1.773315817117691040e-01,4.200281109660863876e-03,3.608743846416473389e-02,-7.620501331984996796e-03
1.633333333333335080e+00,1.673300743103027344e+00,-8.876323699951171875e-03,6.527644395828247070e-02,1.674597024917602539e+00,-2.744380467238289878e+00,6.060270770057608891e-02,-4.648093140581771365e+00,1.475762575864791870e-01,-3.262514621019363403e-02,-1.089370436966419220e-02,1.515315920114517212e-01,4.990102723240852356e-03,2.157850563526153564e-02,-8.201607502996921539e-03
1.666666666666668517e+00,1.677808284759521484e+00,-9.974002838134765625e-03,6.518709659576416016e-02,1.679103732109069824e+00,-2.760672602842885848e+00,7.051912851922967351e-02,-4.625704207369292220e+00,1.236853674054145813e-01,-3.297169879078865051e-02,-1.109809149056673050e-03,1.280095130205154419e-01,4.943254869431257248e-03,9.498889558017253876e-03,-9.069852530956268311e-03
1.700000000000001954e+00,1.681601047515869141e+00,-1.107549667358398438e-02,6.524235010147094727e-02,1.682902693748474121e+00,-2.779101306997226573e+00,7.960166594954669328e-02,-4.615497343428354604e+00,1.046665012836456299e-01,-3.298571705818176270e-02,-2.278528176248073578e-03,1.097648665308952332e-01,3.703532973304390907e-03,9.207905270159244537e-03,-1.061437372118234634e-02
1.733333333333335391e+00,1.684838771820068359e+00,-1.217651367187500000e-02,6.507563591003417969e-02,1.686138987541198730e+00,-2.800934220122583973e+00,8.540938780700042809e-02,-4.593845216872590953e+00,8.962644636631011963e-02,-3.266838937997817993e-02,-1.401087641716003418e-02,9.641799330711364746e-02,2.026299247518181801e-03,2.126346156001091003e-02,-1.306454651057720184e-02
1.766666666666668828e+00,1.687612056732177734e+00,-1.325654983520507812e-02,6.444847583770751953e-02,1.688894152641296387e+00,-2.827760855304866983e+00,8.725099090217834641e-02,-4.543958368948463722e+00,7.606464624404907227e-02,-3.139768168330192566e-02,-2.978271804749965668e-02,8.751373738050460815e-02,9.326829458586871624e-04,3.897912055253982544e-02,-1.643183082342147827e-02
1.800000000000002265e+00,1.689926147460937500e+00,-1.426839828491210938e-02,6.336295604705810547e-02,1.691173911094665527e+00,-2.861060588829617668e+00,8.679309475341642766e-02,-4.463481665052788649e+00,6.218532100319862366e-02,-2.754033543169498444e-02,-4.213209077715873718e-02,8.000373095273971558e-02,9.862728184089064598e-04,5.327828601002693176e-02,-2.018788456916809082e-02
1.833333333333335702e+00,1.691830158233642578e+00,-1.508712768554687500e-02,6.205964088439941406e-02,1.693035244941711426e+00,-2.897887901617268724e+00,8.549876056548579017e-02,-4.368110453011431638e+00,5.355987325310707092e-02,-1.991497911512851715e-02,-4.543035477399826050e-02,7.300125807523727417e-02,-8.011136378627270460e-05,5.334148555994033813e-02,-1.846853643655776978e-02
1.866666666666669139e+00,1.693426609039306641e+00,-1.568174362182617188e-02,6.077998876571655273e-02,1.694589614868164062e+00,-2.928438270557677914e+00,8.135939245408699283e-02,-4.279142543316961422e+00,4.402254894375801086e-02,-1.422360260039567947e-02,-4.326044023036956787e-02,6.333846598863601685e-02,-2.193049760535359383e-03,4.717551544308662415e-02,-1.405239012092351913e-02
1.900000000000002576e+00,1.694666385650634766e+00,-1.610946655273437500e-02,5.961555242538452148e-02,1.695791125297546387e+00,-2.950628701397403297e+00,7.443736258614269685e-02,-4.203257434090827083e+00,3.281967341899871826e-02,-1.003794185817241669e-02,-3.956468030810356140e-02,5.237609520554542542e-02,-3.852220484986901283e-03,4.020163416862487793e-02,-9.542387910187244415e-03
1.933333333333336013e+00,1.695526599884033203e+00,-1.641941070556640625e-02,5.855274200439453125e-02,1.696616768836975098e+00,-2.964217362751143447e+00,6.555565539578653289e-02,-4.138114077995006745e+00,2.159730345010757446e-02,-7.186657283455133438e-03,-3.736731037497520447e-02,4.375394061207771301e-02,-4.961048252880573273e-03,3.586817905306816101e-02,-4.930956289172172546e-03
1.966666666666669450e+00,1.696013927459716797e+00,-1.664733886718750000e-02,5.752462148666381836e-02,1.697070837020874023e+00,-2.968825179119963131e+00,5.510782051330082726e-02,-4.078039576036982972e+00,1.042305771261453629e-02,-5.152065306901931763e-03,-3.758051991462707520e-02,3.933801501989364624e-02,-5.929715000092983246e-03,3.465228527784347534e-02,-1.954809122253209352e-04
2.000000000000002665e+00,1.696117401123046875e+00,-1.680994033813476562e-02,5.645972490310668945e-02,1.697140097618103027e+00,-2.964435928804583842e+00,4.260700685712382613e-02,-4.018527710911838469e+00,-1.455262419767677784e-03,-3.289659740403294563e-03,-3.945843875408172607e-02,3.962206467986106873e-02,-7.341387681663036346e-03,3.481591865420341492e-02,4.524286836385726929e-03
2.033333333333335879e+00,1.695788860321044922e+00,-1.690816879272460938e-02,5.533993244171142578e-02,1.696775794029235840e+00,-2.950977467931896747e+00,2.712665491013433947e-02,-3.959681789230770743e+00,-1.558044739067554474e-02,-1.222593942657113075e-03,-4.114622622728347778e-02,4.401428252458572388e-02,-9.300375357270240784e-03,3.394042700529098511e-02,9.362652897834777832e-03
2.066666666666669094e+00,1.694912910461425781e+00,-1.692628860473632812e-02,5.421012639999389648e-02,1.695864081382751465e+00,-2.927828889617665631e+00,7.614972236056596379e-03,-3.906449856160630230e+00,-3.426755964756011963e-02,1.462597283534705639e-03,-4.054761305451393127e-02,5.310850962996482849e-02,-1.206114795058965683e-02,2.916129305958747864e-02,1.450181379914283752e-02
2.100000000000002309e+00,1.693409442901611328e+00,-1.693201065063476562e-02,5.340409278869628906e-02,1.694335818290710449e+00,-2.902872872494320244e+00,3.559261122879316726e-04,-3.858089555516001301e+00,-5.222107842564582825e-02,-1.090133795514702797e-03,-2.887913957238197327e-02,5.968445539474487305e-02,-2.070012502372264862e-03,2.878950349986553192e-02,1.481847465038299561e-02
2.133333333333335524e+00,1.691117763519287109e+00,-1.696348190307617188e-02,5.291718244552612305e-02,1.692030549049377441e+00,-2.874094083869882965e+00,1.549667953421072304e-04,-3.822395413800337760e+00,-8.147291094064712524e-02,-5.944334134255768731e-06,-2.049854770302772522e-02,8.401205390691757202e-02,-3.855031682178378105e-03,1.617325656116008759e-02,1.845734938979148865e-02
2.166666666666668739e+00,1.687734603881835938e+00,-1.696348190307617188e-02,5.279648303985595703e-02,1.688645362854003906e+00,-2.840578772499453564e+00,3.036144593506397707e-05,-3.813614351848640283e+00,-1.172003224492073059e-01,9.617491159588098526e-04,-1.001145225018262863e-02,1.176310703158378601e-01,-5.135875195264816284e-03,1.501887803897261620e-03,2.025336399674415588e-02
2.200000000000001954e+00,1.683074474334716797e+00,-1.692962646484375000e-02,5.306279659271240234e-02,1.683995842933654785e+00,-2.806700393885955602e+00,-2.844297606230510316e-04,-3.832871216439844630e+00,-1.558583378791809082e-01,1.723185530863702297e-03,-8.370506111532449722e-04,1.558701097965240479e-01,4.748043138533830643e-03,-1.118425652384757996e-02,1.430705655366182327e-02
2.233333333333335169e+00,1.677149772644042969e+00,-1.687622070312500000e-02,5.357480049133300781e-02,1.678090214729309082e+00,-2.776343191233010987e+00,4.127019034330389958e-05,-3.871238950328744988e+00,-1.921529769897460938e-01,1.784141059033572674e-03,5.509802605956792831e-03,1.922402381896972656e-01,-3.406836185604333878e-03,-1.639823056757450104e-02,1.594127528369426727e-02
2.266666666666668384e+00,1.670023918151855469e+00,-1.682186126708984375e-02,5.419415235519409180e-02,1.670987725257873535e+00,-2.749670875637288070e+00,-2.457274831598014477e-04,-3.916747220108070859e+00,-2.263474166393280029e-01,2.064837608486413956e-03,5.205634981393814087e-03,2.264166772365570068e-01,2.092622220516204834e-03,-1.659674942493438721e-02,1.136469841003417969e-02
2.300000000000001599e+00,1.661805629730224609e+00,-1.677894592285156250e-02,5.473178625106811523e-02,1.662791252136230469e+00,-2.726226678198042208e+00,1.837438760023702171e-04,-3.956751638076835498e+00,-2.584031820297241211e-01,1.057700021192431450e-03,-3.089942038059234619e-04,2.584055364131927490e-01,-5.731964949518442154e-03,-1.201389357447624207e-02,1.424945890903472900e-02
2.333333333333334814e+00,1.652560710906982422e+00,-1.675367355346679688e-02,5.509448051452636719e-02,1.653563618659973145e+00,-2.703753007951173348e+00,-2.870408207552474196e-04,-3.983468349902163474e+00,-2.890588045120239258e-01,7.100987131707370281e-04,-7.475177291780710220e-03,2.891563177108764648e-01,5.989122204482555389e-03,-4.837631713598966599e-03,8.175888098776340485e-03
2.366666666666668029e+00,1.642300128936767578e+00,-1.675176620483398438e-02,5.525159835815429688e-02,1.643314719200134277e+00,-2.682332467496955530e+00,-1.187108967265345326e-04,-3.995398982834883039e+00,-3.187393844127655029e-01,2.190646046074107289e-04,-1.178449019789695740e-02,3.189572393894195557e-01,3.510010195896029472e-03,4.555337131023406982e-03,9.291800670325756073e-03
2.400000000000001243e+00,1.631017684936523438e+00,-1.676750183105468750e-02,5.522662401199340820e-02,1.632038593292236328e+00,-2.661342869290682867e+00,4.447466589001561571e-04,-3.993056227949568715e+00,-3.497276306152343750e-01,-1.040984410792589188e-03,-1.606752350926399231e-02,3.500980734825134277e-01,-9.882471058517694473e-04,1.155348028987646103e-02,1.169135514646768570e-02
2.433333333333334458e+00,1.618681430816650391e+00,-1.678848266601562500e-02,5.503654479980468750e-02,1.619703888893127441e+00,-2.639821156659384549e+00,-3.349510957163649000e-05,-3.979584533585364792e+00,-3.821803033351898193e-01,-4.547529970295727253e-04,-2.026743814349174500e-02,3.827175796031951904e-01,4.417487885802984238e-03,1.589047908782958984e-02,9.037666022777557373e-03
2.466666666666667673e+00,1.605262279510498047e+00,-1.680231094360351562e-02,5.472159385681152344e-02,1.606282591819763184e+00,-2.618848847369448674e+00,9.317217888118134678e-05,-3.956133932843772349e+00,-4.152376055717468262e-01,-2.683875209186226130e-04,-2.456593327224254608e-02,4.159637391567230225e-01,-3.667899407446384430e-03,2.056624367833137512e-02,1.302909664809703827e-02
2.500000000000000888e+00,1.590775012969970703e+00,-1.679754257202148438e-02,5.423986911773681641e-02,1.591787934303283691e+00,-2.597957646575906665e+00,1.776382923007742247e-04,-3.920297210929184928e+00,-4.464387297630310059e-01,3.589141997508704662e-04,-2.886192873120307922e-02,4.473708570003509521e-01,-9.663435048423707485e-04,2.855287306010723114e-02,1.184422522783279419e-02
2.533333333333334103e+00,1.575253009796142578e+00,-1.676225662231445312e-02,5.356007814407348633e-02,1.576252341270446777e+00,-2.576940087282719727e+00,-1.468471390775818064e-04,-3.869939933725973447e+00,-4.764723479747772217e-01,1.855640904977917671e-03,-3.590077534317970276e-02,4.778265357017517090e-01,4.466259852051734924e-03,3.703820705413818359e-02,9.204103611409664154e-03
2.566666666666667318e+00,1.558779716491699219e+00,-1.669168472290039062e-02,5.262535810470581055e-02,1.559757232666015625e+00,-2.556724861773597812e+00,-1.166515925031469603e-04,-3.800793659889702969e+00,-5.040051937103271484e-01,2.806759905070066452e-03,-4.433505609631538391e-02,5.059591531753540039e-01,5.627656821161508560e-03,4.728218168020248413e-02,8.400400169193744659e-03
2.600000000000000533e+00,1.541416645050048828e+00,-1.657962799072265625e-02,5.140948295593261719e-02,1.542362809181213379e+00,-2.537608229503789836e+00,-1.340523503734494749e-04,-3.710864401069553065e+00,-5.310932397842407227e-01,4.076126497238874435e-03,-5.386616289615631104e-02,5.338335037231445312e-01,8.031665347516536713e-03,5.670142918825149536e-02,6.990747060626745224e-03
2.633333333333333748e+00,1.523180007934570312e+00,-1.642370223999023438e-02,4.992645978927612305e-02,1.524086475372314453e+00,-2.518968216372001745e+00,1.759948796466453014e-04,-3.601414888488330135e+00,-5.563802719116210938e-01,5.201532039791345596e-03,-5.955727398395538330e-02,5.595830082893371582e-01,5.834362818859517574e-04,6.813187897205352783e-02,1.079710852354764938e-02
2.666666666666666963e+00,1.504063129425048828e+00,-1.621961593627929688e-02,4.821562767028808594e-02,1.504923105239868164e+00,-2.500094482704552590e+00,-4.000057072422555263e-05,-3.475486477317393685e+00,-5.830645561218261719e-01,7.008793763816356659e-03,-6.564380973577499390e-02,5.867900252342224121e-01,6.127418484538793564e-03,7.542718946933746338e-02,8.289528079330921173e-03
2.700000000000000178e+00,1.484085559844970703e+00,-1.596164703369140625e-02,4.632133245468139648e-02,1.484894156455993652e+00,-2.481147964833760433e+00,-2.149973119074052603e-04,-3.335899395353723929e+00,-6.085622310638427734e-01,8.835519663989543915e-03,-7.030834257602691650e-02,6.126738786697387695e-01,6.123228464275598526e-03,8.150336146354675293e-02,8.410939946770668030e-03
2.733333333333333393e+00,1.463275432586669922e+00,-1.564645767211914062e-02,4.427587985992431641e-02,1.464028716087341309e+00,-2.462137413939499364e+00,-1.829167958101159748e-04,-3.185847182921125231e+00,-6.331593990325927734e-01,1.042753458023071289e-02,-7.422721385955810547e-02,6.375807523727416992e-01,6.371845491230487823e-03,8.631703257560729980e-02,8.714484050869941711e-03
2.766666666666666607e+00,1.441667556762695312e+00,-1.528072357177734375e-02,4.210388660430908203e-02,1.442363142967224121e+00,-2.442266045766404936e+00,4.093741976666827190e-04,-3.026543052370921583e+00,-6.562820672988891602e-01,1.116266287863254547e-02,-7.787146419286727905e-02,6.609801054000854492e-01,2.889326075091958046e-03,9.194862842559814453e-02,1.131087541580200195e-02
2.799999999999999822e+00,1.419327259063720703e+00,-1.486492156982421875e-02,3.977841138839721680e-02,1.419962406158447266e+00,-2.420346688059364482e+00,1.618443396635500982e-04,-2.857117008357581422e+00,-6.771624088287353516e-01,1.313859783113002777e-02,-8.369006961584091187e-02,6.824408769607543945e-01,7.050608110148459673e-05,9.688599407672882080e-02,1.361720822751522064e-02
2.833333333333333037e+00,1.396348953247070312e+00,-1.439857482910156250e-02,3.728222846984863281e-02,1.396920800209045410e+00,-2.396716794852059351e+00,-1.191265537998576542e-04,-2.675370583742008090e+00,-6.951109766960144043e-01,1.486328337341547012e-02,-8.862669765949249268e-02,7.008957862854003906e-01,7.050980348140001297e-03,1.038955301046371460e-01,1.126833818852901459e-02
2.866666666666666252e+00,1.372785091400146484e+00,-1.388883590698242188e-02,3.461861610412597656e-02,1.373291730880737305e+00,-2.370987258805209663e+00,1.787640551771656097e-04,-2.481845711346159611e+00,-7.118902206420898438e-01,1.574988476932048798e-02,-9.326189011335372925e-02,7.181459069252014160e-01,2.402258804067969322e-03,1.102274879813194275e-01,1.523882988840341568e-02
2.899999999999999467e+00,1.348692417144775391e+00,-1.333665847778320312e-02,3.180027008056640625e-02,1.349133253097534180e+00,-2.341466540882179981e+00,-2.922715913141517578e-04,-2.277532768599687341e+00,-7.271897792816162109e-01,1.744723133742809296e-02,-9.777537733316421509e-02,7.339410185813903809e-01,7.180226501077413559e-03,1.149205341935157776e-01,1.479843445122241974e-02
2.933333333333332682e+00,1.324109554290771484e+00,-1.274967193603515625e-02,2.886754274368286133e-02,1.324485540390014648e+00,-2.308984722510538212e+00,3.882351707295232505e-04,-2.065726468003476146e+00,-7.410365939140319824e-01,1.785162277519702911e-02,-1.014171540737152100e-01,7.481573224067687988e-01,1.454745884984731674e-03,1.187882125377655029e-01,1.961979828774929047e-02
2.966666666666665897e+00,1.299088954925537109e+00,-1.212310791015625000e-02,2.583783864974975586e-02,1.299402475357055664e+00,-2.271703202143081413e+00,-1.851817399414332677e-04,-1.847975981838649862e+00,-7.534914612770080566e-01,1.967699080705642700e-02,-1.037039384245872498e-01,7.608489394187927246e-01,7.269141729921102524e-03,1.214793249964714050e-01,1.914095319807529449e-02
2.999999999999999112e+00,1.273694038391113281e+00,-1.146507263183593750e-02,2.272474765777587891e-02,1.273948311805725098e+00,-2.230095824153479178e+00,1.040952601103700497e-04,-1.624824416865930266e+00,-7.642439007759094238e-01,2.007954940199851990e-02,-1.060982942581176758e-01,7.718346714973449707e-01,9.029249195009469986e-04,1.232609450817108154e-01,2.477895654737949371e-02
